mtllib rpg.mtl
o RPG7
v -0.289068 0.039885 0.090136
v -0.289068 0.033866 0.538152
v -0.260865 0.028203 0.090136
v -0.265122 0.023947 0.538152
v -0.249183 -0.000000 0.090136
v -0.255203 -0.000000 0.538152
v -0.260865 -0.028203 0.090136
v -0.265122 -0.023947 0.538152
v -0.289068 -0.039885 0.090136
v -0.289068 -0.033866 0.538152
v -0.317272 -0.028203 0.090136
v -0.313015 -0.023947 0.538152
v -0.328954 -0.000000 0.090136
v -0.322934 -0.000000 0.538152
v -0.317272 0.028203 0.090136
v -0.313015 0.023947 0.538152
v -0.289068 0.057153 0.068366
v -0.248655 0.040413 0.068366
v -0.231916 -0.000000 0.068366
v -0.248655 -0.040413 0.068366
v -0.289068 -0.057153 0.068366
v -0.329481 -0.040413 0.068366
v -0.346221 -0.000000 0.068366
v -0.329481 0.040413 0.068366
v -0.289068 0.057153 -0.175470
v -0.248655 0.040413 -0.175470
v -0.231916 -0.000000 -0.175470
v -0.248655 -0.040413 -0.175470
v -0.289068 -0.057153 -0.175470
v -0.329481 -0.040413 -0.175470
v -0.346221 -0.000000 -0.175470
v -0.329481 0.040413 -0.175470
v -0.289068 0.064896 -0.177551
v -0.243180 0.045889 -0.177551
v -0.224172 -0.000000 -0.177551
v -0.243180 -0.045889 -0.177551
v -0.289068 -0.064896 -0.177551
v -0.334957 -0.045889 -0.177551
v -0.353965 -0.000000 -0.177551
v -0.334957 0.045889 -0.177551
v -0.289068 0.061703 -0.439122
v -0.245438 0.043631 -0.439122
v -0.227365 -0.000000 -0.439122
v -0.245438 -0.043631 -0.439122
v -0.289068 -0.061703 -0.439122
v -0.332699 -0.043631 -0.439122
v -0.350772 -0.000000 -0.439122
v -0.332699 0.043631 -0.439122
v -0.289068 0.038168 -0.591839
v -0.262080 0.026989 -0.591839
v -0.250901 -0.000000 -0.591839
v -0.262080 -0.026989 -0.591839
v -0.289068 -0.038168 -0.591839
v -0.316057 -0.026989 -0.591839
v -0.327236 -0.000000 -0.591839
v -0.316057 0.026989 -0.591839
v -0.289068 0.038168 -0.843047
v -0.289068 -0.038168 -0.843047
v -0.327236 -0.000000 -0.843047
v -0.262080 0.026989 -0.843047
v -0.250901 -0.000000 -0.843047
v -0.262080 -0.026989 -0.843047
v -0.316057 -0.026989 -0.843047
v -0.316057 0.026989 -0.843047
v -0.289068 0.048312 -0.843047
v -0.254907 0.034161 -0.843047
v -0.240757 -0.000000 -0.843047
v -0.254907 -0.034162 -0.843047
v -0.289068 -0.048312 -0.843047
v -0.323230 -0.034162 -0.843047
v -0.332663 -0.000000 -0.843047
v -0.323230 0.034161 -0.843047
v -0.289068 0.048312 -0.874125
v -0.254907 0.034161 -0.874125
v -0.240757 -0.000000 -0.874125
v -0.254907 -0.034162 -0.874125
v -0.289068 -0.048312 -0.874125
v -0.323230 -0.034162 -0.874125
v -0.332663 -0.000000 -0.874125
v -0.323230 0.034161 -0.874125
v -0.289068 0.036708 -0.874125
v -0.263112 0.025957 -0.874125
v -0.252360 -0.000000 -0.874125
v -0.263112 -0.025957 -0.874125
v -0.289068 -0.036708 -0.874125
v -0.315025 -0.025957 -0.874125
v -0.325777 -0.000000 -0.874125
v -0.315025 0.025957 -0.874125
v -0.289068 0.071319 -1.109287
v -0.238638 0.050430 -1.109287
v -0.217749 -0.000000 -1.109287
v -0.238638 -0.050430 -1.109287
v -0.289068 -0.071319 -1.109287
v -0.339499 -0.050430 -1.109287
v -0.360387 -0.000000 -1.109287
v -0.339499 0.050430 -1.109287
v -0.289068 0.093968 -1.109287
v -0.222623 0.066445 -1.109287
v -0.195101 -0.000000 -1.109287
v -0.222623 -0.066445 -1.109287
v -0.289068 -0.093968 -1.109287
v -0.355514 -0.066445 -1.109287
v -0.383036 -0.000000 -1.109287
v -0.355514 0.066445 -1.109287
v -0.342880 -0.017081 -0.854213
v -0.222623 0.066445 -1.123581
v -0.195101 -0.000000 -1.123581
v -0.222623 -0.066445 -1.123581
v -0.289068 -0.093968 -1.123581
v -0.355514 -0.066445 -1.123581
v -0.383036 -0.000000 -1.123581
v -0.355514 0.066445 -1.123581
v -0.332663 0.017081 -0.843047
v -0.332663 0.017081 -0.874125
v -0.332663 -0.017081 -0.843047
v -0.332663 -0.017081 -0.874125
v -0.289068 0.093968 -1.123581
v -0.342880 -0.000000 -0.854213
v -0.342880 -0.017081 -0.862960
v -0.342880 -0.000000 -0.862960
v -0.342880 0.017081 -0.854213
v -0.342880 0.017081 -0.862960
v -0.333209 -0.025537 -0.089754
v -0.333209 0.025511 -0.089754
v -0.333209 -0.025537 0.034023
v -0.333209 0.025511 0.034023
v -0.372000 -0.025537 -0.076577
v -0.372000 0.025511 -0.076577
v -0.372000 -0.025537 0.020846
v -0.372000 0.025511 0.020846
v -0.350199 0.025511 0.022711
v -0.369949 -0.025537 -0.089754
v -0.350199 0.025511 -0.078442
v -0.350199 -0.025537 -0.078442
v -0.350199 -0.025537 0.022711
v -0.379926 -0.018145 -0.072330
v -0.379926 0.018120 -0.080140
v -0.369949 0.025511 -0.089754
v -0.369949 0.025511 0.034023
v -0.379926 0.018120 0.024409
v -0.379926 -0.018145 0.024409
v -0.369949 -0.025537 0.034023
v -0.379926 -0.018145 -0.080140
v -0.379926 0.018120 -0.072330
v -0.386264 -0.018145 -0.072330
v -0.386264 0.018120 -0.072330
v -0.386264 -0.018145 -0.080140
v -0.386264 0.018120 -0.080140
v -0.386264 -0.002683 -0.072330
v -0.386264 -0.002683 -0.080140
v -0.386264 0.003092 -0.080140
v -0.386264 0.003092 -0.072330
v -0.390730 -0.002683 -0.072330
v -0.390730 -0.002683 -0.080140
v -0.390730 0.003092 -0.080140
v -0.390730 0.003092 -0.072330
v -0.372000 -0.025537 -0.009733
v -0.372000 -0.025537 -0.042093
v -0.372000 0.025511 -0.009733
v -0.372000 0.025511 -0.042093
v -0.376019 -0.021789 -0.042093
v -0.379926 -0.018145 -0.046000
v -0.379926 0.018120 -0.046000
v -0.376019 0.021763 -0.042093
v -0.379926 -0.018145 -0.003874
v -0.374068 -0.023608 -0.009733
v -0.374068 0.023582 -0.009733
v -0.379926 0.018120 -0.003874
v -0.347508 -0.017078 -0.054862
v -0.375056 -0.017078 -0.054862
v -0.347508 -0.014747 -0.054862
v -0.375056 -0.014747 -0.054862
v -0.347508 -0.017078 -0.044413
v -0.375056 -0.017078 -0.044413
v -0.347508 -0.014747 -0.044413
v -0.375056 -0.014747 -0.044413
v -0.347508 0.014063 -0.054862
v -0.375056 0.014063 -0.054862
v -0.347508 0.016395 -0.054862
v -0.375056 0.016395 -0.054862
v -0.347508 0.014063 -0.044413
v -0.375056 0.014063 -0.044413
v -0.347508 0.016395 -0.044413
v -0.375056 0.016395 -0.044413
v -0.347508 -0.017078 -0.004959
v -0.375056 -0.017078 -0.004959
v -0.347508 -0.014747 -0.004959
v -0.375056 -0.014747 -0.004959
v -0.347508 -0.017078 0.005490
v -0.375056 -0.017078 0.005490
v -0.347508 -0.014747 0.005490
v -0.375056 -0.014747 0.005490
v -0.347508 0.014063 -0.004959
v -0.375056 0.014063 -0.004959
v -0.347508 0.016395 -0.004959
v -0.375056 0.016395 -0.004959
v -0.347508 0.014063 0.005490
v -0.375056 0.014063 0.005490
v -0.347508 0.016395 0.005490
v -0.375056 0.016395 0.005490
v -0.214032 -0.014295 -0.044301
v -0.236143 -0.006119 -0.050922
v -0.236143 0.006119 -0.050922
v -0.236143 -0.006119 -0.140861
v -0.182112 -0.011420 -0.062404
v -0.056046 -0.009034 -0.069940
v -0.063582 -0.009862 -0.062404
v -0.063582 0.009862 -0.062404
v -0.063582 -0.009862 -0.129379
v -0.056046 -0.009034 -0.121843
v -0.236143 0.006119 -0.140861
v -0.214032 0.014295 -0.044301
v -0.214032 0.014295 -0.147482
v -0.182112 -0.011420 -0.129379
v -0.214032 -0.014295 -0.147482
v -0.182112 0.011420 -0.129379
v -0.182112 0.011420 -0.062404
v -0.056046 0.009034 -0.069940
v -0.063582 0.009862 -0.129379
v -0.056046 0.009034 -0.121843
v -0.215579 0.006119 -0.140861
v -0.215579 -0.006119 -0.140861
v -0.215579 0.006119 -0.050922
v -0.215579 -0.006119 -0.050922
v -0.219724 -0.009106 0.112981
v -0.256508 -0.015729 0.096857
v -0.219724 0.009106 0.112981
v -0.256508 0.015729 0.096857
v -0.219724 -0.009106 0.304257
v -0.256508 -0.015729 0.319631
v -0.219724 0.009106 0.304257
v -0.256508 0.015729 0.319631
v -0.232092 -0.009106 0.111056
v -0.232092 0.009106 0.111056
v -0.232092 0.009106 0.314261
v -0.232092 -0.009106 0.314261
v -0.219724 0.009106 0.249348
v -0.219724 -0.009106 0.249348
v -0.120809 0.007229 0.158032
v -0.120809 -0.007229 0.158032
v -0.120809 0.007229 0.220519
v -0.120809 -0.007229 0.220519
v -0.180859 -0.009106 0.232267
v -0.180859 0.009106 0.232267
v -0.170267 0.009106 0.147076
v -0.170267 -0.009106 0.147076
v -0.145538 -0.009106 0.232598
v -0.145538 0.009106 0.148388
v -0.145538 0.009106 0.232598
v -0.145538 -0.009106 0.148388
v -0.049020 0.007493 0.152184
v -0.049020 -0.007493 0.152184
v -0.059068 0.007051 0.218783
v -0.059068 -0.007051 0.218783
v -0.004394 0.008867 0.158405
v -0.027510 0.008566 0.145473
v -0.009858 0.008867 0.147460
v -0.027510 -0.008566 0.145473
v -0.004394 -0.008867 0.158405
v -0.009858 -0.008867 0.147460
v -0.016427 0.008867 0.214991
v -0.001608 0.008867 0.197924
v -0.005483 0.008867 0.209526
v -0.001608 -0.008867 0.197924
v -0.016427 -0.008867 0.214991
v -0.005483 -0.008867 0.209526
v -0.219724 -0.009106 0.297141
v -0.219724 0.009106 0.297141
v -0.212195 -0.009106 0.304257
v -0.212195 0.009106 0.304257
v -0.212195 -0.009106 0.299550
v -0.212195 0.009106 0.299550
v -0.186629 -0.006429 0.305160
v -0.186629 0.006429 0.305160
v -0.186629 -0.006429 0.300286
v -0.186629 0.006429 0.300286
v -0.167813 -0.006208 0.298137
v -0.167813 0.006208 0.298137
v -0.169847 -0.006208 0.294395
v -0.169847 0.006208 0.294395
v -0.153636 -0.006654 0.278202
v -0.153636 0.006654 0.278202
v -0.158986 -0.006654 0.277498
v -0.158986 0.006654 0.277498
v -0.145136 -0.006654 0.253557
v -0.145136 0.006654 0.253557
v -0.149696 -0.006654 0.254145
v -0.149696 0.006654 0.254145
v -0.145073 -0.007301 0.240711
v -0.145073 0.007300 0.240711
v -0.149633 -0.007301 0.241299
v -0.149633 0.007300 0.241299
v -0.153912 -0.006691 0.229289
v -0.153912 0.006691 0.229289
v -0.157999 -0.006691 0.230885
v -0.157999 0.006691 0.230885
v -0.234637 -0.017229 0.113493
v -0.249967 -0.017229 0.113493
v -0.234637 -0.009106 0.113493
v -0.249967 -0.009106 0.113493
v -0.234637 -0.017229 0.128822
v -0.249967 -0.017229 0.128822
v -0.234637 -0.009106 0.128822
v -0.249967 -0.009106 0.128822
v -0.234637 -0.021676 0.295984
v -0.249967 -0.021676 0.295984
v -0.234637 -0.009106 0.295984
v -0.249967 -0.009106 0.295984
v -0.234637 -0.021676 0.311313
v -0.249967 -0.021676 0.311313
v -0.234637 -0.009106 0.311313
v -0.249967 -0.009106 0.311313
v -0.122652 -0.009607 0.226558
v -0.122652 0.009607 0.153210
v -0.122652 0.009607 0.226558
v -0.122652 -0.009607 0.153210
v -0.059068 0.000000 0.221540
v -0.016427 0.000000 0.217748
v -0.005483 0.000000 0.212283
v -0.314382 -0.019763 0.448838
v -0.345259 -0.014446 0.448838
v -0.314382 -0.019763 0.438259
v -0.345259 -0.014446 0.439285
v -0.314382 0.021011 0.448838
v -0.345259 0.014827 0.448838
v -0.314382 0.021011 0.438259
v -0.345259 0.014827 0.439285
v -0.382006 -0.012351 0.446763
v -0.382006 -0.012351 0.440941
v -0.382006 0.010373 0.446770
v -0.382006 0.010373 0.440934
v -0.260865 0.028203 0.538152
v -0.289068 0.039885 0.538152
v -0.249183 -0.000000 0.538152
v -0.260865 -0.028203 0.538152
v -0.289068 -0.039885 0.538152
v -0.317272 -0.028203 0.538152
v -0.328954 -0.000000 0.538152
v -0.317272 0.028203 0.538152
v -0.269859 0.019210 0.402519
v -0.289068 0.027167 0.402519
v -0.261902 -0.000000 0.402519
v -0.269859 -0.019210 0.402519
v -0.289068 -0.027167 0.402519
v -0.308278 -0.019210 0.402519
v -0.316235 -0.000000 0.402519
v -0.308278 0.019210 0.402519
v -0.366393 -0.014357 0.447890
v -0.340642 -0.014446 0.448838
v -0.366393 -0.014357 0.439813
v -0.366647 0.013706 0.439803
v -0.340642 -0.014446 0.438447
v -0.366647 0.013706 0.447901
v -0.340642 0.015434 0.438447
v -0.340642 0.015434 0.448838
v -0.371870 -0.000319 0.442681
v -0.371775 -0.000319 0.445023
v -0.389222 -0.000404 0.440780
v -0.389222 -0.000404 0.446924
v -0.347759 0.000530 0.439285
v -0.347759 0.000530 0.448838
v -0.344011 0.000533 0.438447
v -0.344011 0.000533 0.448838
v -0.322991 0.000624 0.438259
v -0.322991 0.000624 0.448838
v -0.361349 0.008702 -0.855597
v -0.361349 0.008702 -0.861576
v -0.361349 -0.000000 -0.855597
v -0.361349 -0.000000 -0.861576
v -0.361349 -0.008702 -0.855597
v -0.361349 -0.008702 -0.861576
v -0.368525 -0.000284 0.439473
v -0.358786 0.019903 0.439473
v -0.368525 -0.000284 0.448838
v -0.358786 -0.019763 0.448838
v -0.394399 -0.000284 0.441298
v -0.384661 0.014292 0.441298
v -0.394399 -0.000284 0.446406
v -0.384661 -0.016441 0.446406
v -0.384661 0.014292 0.446406
v -0.358786 0.019903 0.448838
v -0.384661 -0.016441 0.441298
v -0.358786 -0.019763 0.439473
v -0.372044 0.001341 0.442673
v -0.372044 0.001341 0.445031
v -0.371908 -0.002152 0.445030
v -0.371908 -0.002152 0.442673
v -0.379390 -0.000319 0.442681
v -0.379390 -0.000319 0.445023
v -0.378033 0.001341 0.442673
v -0.378033 0.001341 0.445031
v -0.377897 -0.002152 0.445030
v -0.377897 -0.002152 0.442673
v -0.187584 -0.002342 0.234084
v -0.219298 -0.002342 0.246017
v -0.187584 0.002342 0.234084
v -0.219298 0.002342 0.246017
v -0.199812 -0.001838 0.252575
v -0.219730 -0.002342 0.252152
v -0.199812 0.001838 0.252575
v -0.219730 0.002342 0.252152
v -0.219514 0.002342 0.245895
v -0.194906 0.001838 0.247596
v -0.219514 -0.002342 0.245895
v -0.194906 -0.001838 0.247596
v -0.190819 -0.001676 0.259758
v -0.190819 0.001676 0.259758
v -0.187307 -0.001676 0.253487
v -0.187307 0.001676 0.253487
v -0.185203 -0.001033 0.263731
v -0.185203 0.001033 0.263731
v -0.181874 -0.001033 0.260807
v -0.181874 0.001033 0.260807
vt 0.995933 0.622324
vt 0.995710 0.646518
vt 0.631657 0.643486
vt 0.634530 0.617000
vt 0.006573 0.709584
vt 0.006838 0.687539
vt 0.191297 0.689106
vt 0.190325 0.712525
vt 0.996291 0.598153
vt 0.995933 0.622324
vt 0.634530 0.617000
vt 0.637924 0.590439
vt 0.299706 0.035498
vt 0.287938 0.053634
vt 0.304213 0.065486
vt 0.316719 0.047117
vt 0.216049 0.337359
vt 0.250163 0.323255
vt 0.252455 0.331081
vt 0.219591 0.344196
vt 0.436727 0.350995
vt 0.466838 0.381205
vt 0.460472 0.388195
vt 0.431885 0.358486
vt 0.361638 0.318004
vt 0.400729 0.329868
vt 0.397691 0.338310
vt 0.360170 0.326543
vt 0.198514 0.374288
vt 0.225507 0.356125
vt 0.269026 0.494494
vt 0.255693 0.500310
vt 0.455656 0.571908
vt 0.457639 0.538596
vt 0.477928 0.541417
vt 0.475689 0.573276
vt 0.996768 0.769723
vt 0.639012 0.776627
vt 0.636006 0.750838
vt 0.996328 0.743649
vt 0.454043 0.797915
vt 0.452859 0.764549
vt 0.473146 0.763965
vt 0.474796 0.795378
vt 0.472638 0.668731
vt 0.472487 0.700221
vt 0.452799 0.700020
vt 0.453288 0.668363
vt 0.298515 0.636213
vt 0.297316 0.605215
vt 0.454408 0.604438
vt 0.453533 0.636585
vt 0.452111 0.933126
vt 0.535513 0.933508
vt 0.539241 0.856702
vt 0.458927 0.854246
vt 0.292493 0.759284
vt 0.295768 0.727816
vt 0.452633 0.732011
vt 0.452859 0.764549
vt 0.995983 0.719328
vt 0.633702 0.724061
vt 0.632801 0.697076
vt 0.995764 0.695019
vt 0.472487 0.700221
vt 0.472638 0.668731
vt 0.612796 0.669219
vt 0.612651 0.696640
vt 0.184505 0.360751
vt 0.216049 0.337359
vt 0.219591 0.344196
vt 0.188852 0.367457
vt 0.283187 0.490527
vt 0.269026 0.494494
vt 0.225507 0.356125
vt 0.255352 0.342156
vt 0.323840 0.334107
vt 0.289251 0.338000
vt 0.287704 0.323355
vt 0.324181 0.322343
vt 0.219591 0.344196
vt 0.252455 0.331081
vt 0.255352 0.342156
vt 0.225507 0.356125
vt 0.297837 0.697094
vt 0.298605 0.666679
vt 0.453288 0.668363
vt 0.452799 0.700020
vt 0.700995 0.965564
vt 0.783880 0.968432
vt 0.783600 0.931183
vt 0.699257 0.930786
vt 0.312691 0.489042
vt 0.297762 0.488692
vt 0.289251 0.338000
vt 0.323840 0.334107
vt 0.876389 0.808415
vt 0.786520 0.809961
vt 0.788083 0.845458
vt 0.880241 0.840005
vt 0.198514 0.374288
vt 0.188852 0.367457
vt 0.219591 0.344196
vt 0.225507 0.356125
vt 0.006838 0.687539
vt 0.006966 0.665497
vt 0.191966 0.665618
vt 0.191297 0.689106
vt 0.297837 0.697094
vt 0.191297 0.689106
vt 0.191966 0.665618
vt 0.298605 0.666679
vt 0.631657 0.643486
vt 0.613508 0.642513
vt 0.614712 0.615428
vt 0.634530 0.617000
vt 0.292493 0.759284
vt 0.287843 0.791867
vt 0.185633 0.758003
vt 0.188472 0.735612
vt 0.474796 0.795378
vt 0.473146 0.763965
vt 0.615139 0.753913
vt 0.620675 0.784535
vt 0.295768 0.727816
vt 0.292493 0.759284
vt 0.188472 0.735612
vt 0.190325 0.712525
vt 0.297316 0.605215
vt 0.294856 0.573207
vt 0.455656 0.571908
vt 0.454408 0.604438
vt 0.298515 0.636213
vt 0.298605 0.666679
vt 0.191966 0.665618
vt 0.191403 0.642040
vt 0.397691 0.338310
vt 0.431885 0.358486
vt 0.424478 0.368959
vt 0.392114 0.352893
vt 0.324318 0.313976
vt 0.361638 0.318004
vt 0.360170 0.326543
vt 0.324181 0.322343
vt 0.323840 0.334107
vt 0.324181 0.322343
vt 0.360170 0.326543
vt 0.357882 0.340138
vt 0.535513 0.933508
vt 0.578319 0.933984
vt 0.577832 0.856015
vt 0.539241 0.856702
vt 0.995660 0.670760
vt 0.995764 0.695019
vt 0.632801 0.697076
vt 0.632335 0.670103
vt 0.631657 0.643486
vt 0.995710 0.646518
vt 0.995660 0.670760
vt 0.632335 0.670103
vt 0.357882 0.340138
vt 0.392114 0.352893
vt 0.341793 0.496398
vt 0.327476 0.491608
vt 0.965368 0.784605
vt 0.876389 0.808415
vt 0.880241 0.840005
vt 0.983695 0.814971
vt 0.006966 0.665497
vt 0.006939 0.643460
vt 0.191403 0.642040
vt 0.191966 0.665618
vt 0.310064 0.016212
vt 0.299706 0.035498
vt 0.316719 0.047117
vt 0.330518 0.026197
vt 0.472638 0.668731
vt 0.453288 0.668363
vt 0.453533 0.636585
vt 0.473685 0.637076
vt 0.783880 0.968432
vt 0.874008 0.975974
vt 0.876457 0.932907
vt 0.783600 0.931183
vt 0.472586 0.731939
vt 0.472487 0.700221
vt 0.612651 0.696640
vt 0.613266 0.724666
vt 0.876457 0.932907
vt 0.993328 0.948430
vt 0.983695 0.814971
vt 0.880241 0.840005
vt 0.474407 0.605218
vt 0.473685 0.637076
vt 0.453533 0.636585
vt 0.454408 0.604438
vt 0.473685 0.637076
vt 0.474407 0.605218
vt 0.614712 0.615428
vt 0.613508 0.642513
vt 0.535513 0.933508
vt 0.452111 0.933126
vt 0.452886 0.967670
vt 0.535241 0.972903
vt 0.458927 0.854246
vt 0.539241 0.856702
vt 0.538329 0.827825
vt 0.459050 0.824533
vt 0.659901 0.933068
vt 0.699257 0.930786
vt 0.700031 0.852764
vt 0.658605 0.854860
vt 0.474407 0.605218
vt 0.475689 0.573276
vt 0.617368 0.586512
vt 0.614712 0.615428
vt 0.392114 0.352893
vt 0.424478 0.368959
vt 0.355425 0.503291
vt 0.341793 0.496398
vt 0.371117 0.936106
vt 0.452111 0.933126
vt 0.458927 0.854246
vt 0.374204 0.852093
vt 0.632335 0.670103
vt 0.632801 0.697076
vt 0.612651 0.696640
vt 0.612796 0.669219
vt 0.454408 0.604438
vt 0.455656 0.571908
vt 0.475689 0.573276
vt 0.474407 0.605218
vt 0.618358 0.829233
vt 0.658605 0.854860
vt 0.699299 0.821677
vt 0.295768 0.727816
vt 0.297837 0.697094
vt 0.452799 0.700020
vt 0.452633 0.732011
vt 0.996291 0.598153
vt 0.637924 0.590439
vt 0.641436 0.564913
vt 0.996768 0.573992
vt 0.538329 0.827825
vt 0.577832 0.856015
vt 0.618358 0.829233
vt 0.006434 0.599465
vt 0.006000 0.577521
vt 0.185111 0.573081
vt 0.188028 0.595578
vt 0.191403 0.642040
vt 0.190106 0.618633
vt 0.297316 0.605215
vt 0.298515 0.636213
vt 0.612796 0.669219
vt 0.613508 0.642513
vt 0.631657 0.643486
vt 0.632335 0.670103
vt 0.578319 0.933984
vt 0.535513 0.933508
vt 0.535241 0.972903
vt 0.255352 0.342156
vt 0.289251 0.338000
vt 0.297762 0.488692
vt 0.283187 0.490527
vt 0.452859 0.764549
vt 0.452633 0.732011
vt 0.472586 0.731939
vt 0.473146 0.763965
vt 0.255352 0.342156
vt 0.252455 0.331081
vt 0.287704 0.323355
vt 0.289251 0.338000
vt 0.060445 0.914284
vt 0.029814 0.835186
vt 0.060445 0.835186
vt 0.082105 0.891116
vt 0.323840 0.334107
vt 0.357882 0.340138
vt 0.327476 0.491608
vt 0.312691 0.489042
vt 0.475689 0.573276
vt 0.477928 0.541417
vt 0.623675 0.556154
vt 0.617368 0.586512
vt 0.190325 0.712525
vt 0.191297 0.689106
vt 0.297837 0.697094
vt 0.295768 0.727816
vt 0.641436 0.564913
vt 0.637924 0.590439
vt 0.617368 0.586512
vt 0.623675 0.556154
vt 0.278649 0.959386
vt 0.371117 0.936106
vt 0.374204 0.852093
vt 0.268894 0.839337
vt 0.996328 0.743649
vt 0.636006 0.750838
vt 0.633702 0.724061
vt 0.995983 0.719328
vt 0.699257 0.930786
vt 0.783600 0.931183
vt 0.788083 0.845458
vt 0.700031 0.852764
vt 0.659901 0.933068
vt 0.619163 0.965023
vt 0.700995 0.965564
vt 0.298605 0.666679
vt 0.298515 0.636213
vt 0.453533 0.636585
vt 0.453288 0.668363
vt 0.287843 0.791867
vt 0.292493 0.759284
vt 0.452859 0.764549
vt 0.454043 0.797915
vt 0.633702 0.724061
vt 0.636006 0.750838
vt 0.615139 0.753913
vt 0.613266 0.724666
vt 0.190106 0.618633
vt 0.191403 0.642040
vt 0.006939 0.643460
vt 0.006757 0.621447
vt 0.190106 0.618633
vt 0.188028 0.595578
vt 0.294856 0.573207
vt 0.297316 0.605215
vt 0.006757 0.621447
vt 0.006434 0.599465
vt 0.188028 0.595578
vt 0.190106 0.618633
vt 0.190325 0.712525
vt 0.188472 0.735612
vt 0.006196 0.731616
vt 0.006573 0.709584
vt 0.424478 0.368959
vt 0.449212 0.393253
vt 0.369122 0.512615
vt 0.355425 0.503291
vt 0.612796 0.669219
vt 0.472638 0.668731
vt 0.473685 0.637076
vt 0.613508 0.642513
vt 0.188028 0.595578
vt 0.185111 0.573081
vt 0.290766 0.539278
vt 0.294856 0.573207
vt 0.699299 0.821677
vt 0.700031 0.852764
vt 0.788083 0.845458
vt 0.786520 0.809961
vt 0.250163 0.323255
vt 0.286650 0.315108
vt 0.287704 0.323355
vt 0.252455 0.331081
vt 0.371117 0.936106
vt 0.278649 0.959386
vt 0.298033 0.990477
vt 0.375206 0.968355
vt 0.634530 0.617000
vt 0.614712 0.615428
vt 0.617368 0.586512
vt 0.637924 0.590439
vt 0.876457 0.932907
vt 0.874008 0.975974
vt 0.972971 0.990489
vt 0.993328 0.948430
vt 0.632801 0.697076
vt 0.633702 0.724061
vt 0.613266 0.724666
vt 0.612651 0.696640
vt 0.473146 0.763965
vt 0.472586 0.731939
vt 0.613266 0.724666
vt 0.615139 0.753913
vt 0.286650 0.315108
vt 0.324318 0.313976
vt 0.324181 0.322343
vt 0.287704 0.323355
vt 0.357882 0.340138
vt 0.360170 0.326543
vt 0.397691 0.338310
vt 0.392114 0.352893
vt 0.375206 0.968355
vt 0.452886 0.967670
vt 0.452111 0.933126
vt 0.371117 0.936106
vt 0.374204 0.852093
vt 0.458927 0.854246
vt 0.459050 0.824533
vt 0.375938 0.818417
vt 0.008155 0.858353
vt 0.029814 0.835186
vt 0.060445 0.914284
vt 0.029814 0.914284
vt 0.449212 0.393253
vt 0.424478 0.368959
vt 0.431885 0.358486
vt 0.460472 0.388195
vt 0.639012 0.776627
vt 0.620675 0.784535
vt 0.615139 0.753913
vt 0.636006 0.750838
vt 0.294856 0.573207
vt 0.290766 0.539278
vt 0.457639 0.538596
vt 0.455656 0.571908
vt 0.783600 0.931183
vt 0.876457 0.932907
vt 0.880241 0.840005
vt 0.788083 0.845458
vt 0.400729 0.329868
vt 0.436727 0.350995
vt 0.431885 0.358486
vt 0.397691 0.338310
vt 0.578319 0.933984
vt 0.619163 0.965023
vt 0.618661 0.940306
vt 0.699257 0.930786
vt 0.659901 0.933068
vt 0.700995 0.965564
vt 0.420722 0.054526
vt 0.395706 0.016756
vt 0.392422 0.038390
vt 0.400295 0.049083
vt 0.700031 0.852764
vt 0.699299 0.821677
vt 0.658605 0.854860
vt 0.618358 0.829233
vt 0.618737 0.848157
vt 0.658605 0.854860
vt 0.373341 0.010338
vt 0.351317 0.002123
vt 0.343307 0.022434
vt 0.368064 0.030698
vt 0.618737 0.848157
vt 0.618358 0.829233
vt 0.577832 0.856015
vt 0.538329 0.827825
vt 0.539241 0.856702
vt 0.577832 0.856015
vt 0.005760 0.753989
vt 0.006196 0.731616
vt 0.188472 0.735612
vt 0.185633 0.758003
vt 0.659901 0.933068
vt 0.618661 0.940306
vt 0.619163 0.965023
vt 0.351317 0.002123
vt 0.310064 0.016212
vt 0.330518 0.026197
vt 0.343307 0.022434
vt 0.395706 0.016756
vt 0.373341 0.010338
vt 0.368064 0.030698
vt 0.392422 0.038390
vt 0.330518 0.026197
vt 0.316719 0.047117
vt 0.336627 0.063251
vt 0.343398 0.054345
vt 0.284343 0.806416
vt 0.268894 0.839337
vt 0.374204 0.852093
vt 0.375938 0.818417
vt 0.060445 0.835186
vt 0.082105 0.858353
vt 0.082105 0.891116
vt 0.029814 0.914284
vt 0.008155 0.891116
vt 0.008155 0.858353
vt 0.452633 0.732011
vt 0.452799 0.700020
vt 0.472487 0.700221
vt 0.472586 0.731939
vt 0.578319 0.933984
vt 0.535241 0.972903
vt 0.619163 0.965023
vt 0.400295 0.049083
vt 0.392422 0.038390
vt 0.373308 0.059170
vt 0.378784 0.065403
vt 0.592177 0.456897
vt 0.592177 0.483940
vt 0.586348 0.480609
vt 0.586348 0.459961
vt 0.589221 0.456897
vt 0.627987 0.534305
vt 0.627987 0.494273
vt 0.655006 0.494273
vt 0.655006 0.534305
vt 0.659723 0.492769
vt 0.697264 0.492769
vt 0.697264 0.521579
vt 0.659723 0.521579
vt 0.697264 0.508398
vt 0.713307 0.508398
vt 0.713307 0.548430
vt 0.697264 0.548430
vt 0.665159 0.485003
vt 0.691829 0.485003
vt 0.697264 0.492769
vt 0.659723 0.492769
vt 0.620705 0.528508
vt 0.620705 0.500069
vt 0.627987 0.494273
vt 0.627987 0.534305
vt 0.697264 0.397207
vt 0.697264 0.476531
vt 0.659723 0.476531
vt 0.659723 0.397207
vt 0.608210 0.485402
vt 0.608210 0.406078
vt 0.620705 0.397207
vt 0.620705 0.494273
vt 0.647228 0.485402
vt 0.647228 0.406078
vt 0.659723 0.397207
vt 0.659723 0.494273
vt 0.631195 0.407540
vt 0.625366 0.404747
vt 0.632703 0.397207
vt 0.592177 0.483940
vt 0.593685 0.494273
vt 0.586348 0.486733
vt 0.592177 0.407540
vt 0.586348 0.404747
vt 0.593685 0.397207
vt 0.631195 0.483940
vt 0.632703 0.494273
vt 0.625366 0.486734
vt 0.631195 0.483940
vt 0.647228 0.485402
vt 0.659723 0.494273
vt 0.632703 0.494273
vt 0.617948 0.494273
vt 0.619469 0.495786
vt 0.619469 0.532792
vt 0.617948 0.534305
vt 0.647228 0.406078
vt 0.631195 0.407540
vt 0.632703 0.397207
vt 0.659723 0.397207
vt 0.592177 0.483940
vt 0.608210 0.485402
vt 0.620705 0.494273
vt 0.593685 0.494273
vt 0.608210 0.406078
vt 0.592177 0.407540
vt 0.593685 0.397207
vt 0.620705 0.397207
vt 0.697264 0.434214
vt 0.719753 0.434214
vt 0.719753 0.474245
vt 0.697264 0.474245
vt 0.713307 0.508398
vt 0.729350 0.508398
vt 0.729350 0.548430
vt 0.713307 0.548430
vt 0.586348 0.480609
vt 0.586348 0.486733
vt 0.581687 0.486733
vt 0.581687 0.480609
vt 0.625366 0.404747
vt 0.631195 0.407540
vt 0.625366 0.410872
vt 0.586348 0.486733
vt 0.586348 0.480609
vt 0.592177 0.483940
vt 0.691520 0.521579
vt 0.697264 0.521579
vt 0.697264 0.533705
vt 0.691520 0.533705
vt 0.691829 0.485003
vt 0.665159 0.485003
vt 0.665159 0.480033
vt 0.676530 0.480033
vt 0.614992 0.522712
vt 0.610331 0.522712
vt 0.610331 0.510927
vt 0.625366 0.404747
vt 0.625366 0.410872
vt 0.620705 0.410872
vt 0.620705 0.404747
vt 0.691520 0.533705
vt 0.697264 0.533705
vt 0.697264 0.545489
vt 0.691520 0.545489
vt 0.691829 0.480033
vt 0.691829 0.485003
vt 0.680777 0.480033
vt 0.614992 0.494273
vt 0.614992 0.522712
vt 0.610331 0.506399
vt 0.610331 0.494273
vt 0.676530 0.480033
vt 0.680777 0.480033
vt 0.691829 0.485003
vt 0.610331 0.510927
vt 0.610331 0.506399
vt 0.614992 0.522712
vt 0.590932 0.534305
vt 0.590932 0.540429
vt 0.587648 0.540429
vt 0.587648 0.534305
vt 0.602049 0.540429
vt 0.602049 0.534305
vt 0.605333 0.534305
vt 0.605333 0.540429
vt 0.610331 0.506399
vt 0.610331 0.510927
vt 0.607047 0.510927
vt 0.607047 0.506399
vt 0.583401 0.534305
vt 0.587648 0.534305
vt 0.587648 0.540429
vt 0.583401 0.540429
vt 0.680777 0.480033
vt 0.676530 0.480033
vt 0.676530 0.476531
vt 0.680777 0.476531
vt 0.607047 0.534305
vt 0.581687 0.534305
vt 0.581687 0.494273
vt 0.607047 0.494273
vt 0.617948 0.494273
vt 0.617948 0.534305
vt 0.614992 0.531365
vt 0.614992 0.497212
vt 0.592177 0.407540
vt 0.592177 0.431520
vt 0.590656 0.431520
vt 0.586348 0.426926
vt 0.586348 0.404747
vt 0.631195 0.459960
vt 0.631195 0.483940
vt 0.625366 0.486734
vt 0.625366 0.464554
vt 0.629674 0.459960
vt 0.700138 0.505541
vt 0.700138 0.477102
vt 0.719501 0.477102
vt 0.719501 0.505541
vt 0.700138 0.477102
vt 0.700138 0.505541
vt 0.697264 0.508398
vt 0.697264 0.474245
vt 0.631195 0.407540
vt 0.631195 0.434583
vt 0.628239 0.434583
vt 0.625366 0.431519
vt 0.625366 0.410872
vt 0.697264 0.434214
vt 0.697264 0.397207
vt 0.701573 0.401491
vt 0.701573 0.429930
vt 0.722373 0.401491
vt 0.722373 0.429930
vt 0.701573 0.429930
vt 0.701573 0.401491
vt 0.633946 0.457489
vt 0.633946 0.456520
vt 0.644651 0.456520
vt 0.644651 0.457489
vt 0.633946 0.456520
vt 0.633946 0.452176
vt 0.644651 0.452176
vt 0.644651 0.456520
vt 0.633946 0.452176
vt 0.633946 0.451208
vt 0.644651 0.451207
vt 0.644651 0.452176
vt 0.633946 0.451208
vt 0.633946 0.446864
vt 0.644651 0.446864
vt 0.644651 0.451207
vt 0.623229 0.445882
vt 0.623230 0.441539
vt 0.633936 0.441543
vt 0.633934 0.445886
vt 0.623228 0.446851
vt 0.623229 0.445882
vt 0.633934 0.445886
vt 0.633934 0.446855
vt 0.623230 0.441539
vt 0.623231 0.440570
vt 0.633936 0.440574
vt 0.633936 0.441543
vt 0.623231 0.440570
vt 0.623232 0.436227
vt 0.633937 0.436231
vt 0.633936 0.440574
vt 0.633946 0.446851
vt 0.633946 0.445882
vt 0.644651 0.445882
vt 0.644651 0.446851
vt 0.633946 0.445882
vt 0.633946 0.441539
vt 0.644651 0.441539
vt 0.644651 0.445882
vt 0.633946 0.441539
vt 0.633946 0.440570
vt 0.644651 0.440570
vt 0.644651 0.441539
vt 0.633946 0.440570
vt 0.633946 0.436227
vt 0.644651 0.436227
vt 0.644651 0.440570
vt 0.623228 0.456520
vt 0.623228 0.452176
vt 0.633934 0.452176
vt 0.633934 0.456520
vt 0.623228 0.457489
vt 0.623228 0.456520
vt 0.633934 0.456520
vt 0.633934 0.457489
vt 0.623228 0.452176
vt 0.623228 0.451208
vt 0.633934 0.451207
vt 0.633934 0.452176
vt 0.623228 0.451208
vt 0.623228 0.446864
vt 0.633934 0.446864
vt 0.633934 0.451207
vt 0.054882 0.355922
vt 0.054666 0.263318
vt 0.045572 0.277026
vt 0.045058 0.345528
vt 0.020938 0.258941
vt 0.008456 0.347481
vt 0.020006 0.335821
vt 0.027010 0.276581
vt 0.915200 0.267171
vt 0.900480 0.238293
vt 0.761156 0.293406
vt 0.768621 0.320347
vt 0.991937 0.405551
vt 0.988859 0.370924
vt 0.941737 0.375042
vt 0.943717 0.412972
vt 0.988859 0.370924
vt 0.947876 0.232249
vt 0.915200 0.267171
vt 0.941737 0.375042
vt 0.947876 0.232249
vt 0.928456 0.207217
vt 0.900480 0.238293
vt 0.915200 0.267171
vt 0.955023 0.556189
vt 0.991937 0.405551
vt 0.943717 0.412972
vt 0.921212 0.516748
vt 0.943717 0.412972
vt 0.941737 0.375042
vt 0.785890 0.403697
vt 0.788678 0.430057
vt 0.045058 0.345528
vt 0.020006 0.335821
vt 0.008456 0.347481
vt 0.038348 0.364717
vt 0.027010 0.276581
vt 0.045572 0.277026
vt 0.054666 0.263318
vt 0.020938 0.258941
vt 0.045572 0.277026
vt 0.027010 0.276581
vt 0.020006 0.335821
vt 0.045058 0.345528
vt 0.920498 0.525839
vt 0.873519 0.524697
vt 0.873291 0.534488
vt 0.920270 0.535630
vt 0.819261 0.523378
vt 0.819033 0.533169
vt 0.837074 0.533607
vt 0.837302 0.523817
vt 0.789293 0.532446
vt 0.819033 0.533169
vt 0.819261 0.523378
vt 0.789521 0.522655
vt 0.873519 0.524697
vt 0.837302 0.523817
vt 0.837074 0.533607
vt 0.873291 0.534488
vt 0.449043 0.434366
vt 0.447832 0.518996
vt 0.470608 0.519369
vt 0.471819 0.434738
vt 0.493384 0.519742
vt 0.494594 0.435111
vt 0.471819 0.434738
vt 0.470608 0.519369
vt 0.448766 0.453715
vt 0.435213 0.453494
vt 0.434936 0.472843
vt 0.448490 0.473065
vt 0.449043 0.434366
vt 0.435490 0.434144
vt 0.435213 0.453494
vt 0.448766 0.453715
vt 0.921212 0.516748
vt 0.943717 0.412972
vt 0.788678 0.430057
vt 0.790293 0.513055
vt 0.941737 0.375042
vt 0.915200 0.267171
vt 0.768621 0.320347
vt 0.785890 0.403697
vt 0.477034 0.009489
vt 0.477031 0.037121
vt 0.496016 0.037119
vt 0.496025 0.009501
vt 0.012872 0.799775
vt 0.022751 0.815899
vt 0.031138 0.816999
vt 0.471378 0.084671
vt 0.444092 0.084671
vt 0.444092 0.108504
vt 0.471378 0.108504
vt 0.013207 0.797075
vt 0.252680 0.828657
vt 0.248489 0.842933
vt 0.087781 0.821739
vt 0.031461 0.814311
vt 0.008201 0.002529
vt 0.005197 0.013050
vt 0.017353 0.012895
vt 0.018811 0.005687
vt 0.010810 0.766427
vt 0.273345 0.801050
vt 0.252680 0.828657
vt 0.013207 0.797075
vt 0.481301 0.047217
vt 0.434170 0.047217
vt 0.444092 0.084671
vt 0.471378 0.084671
vt 0.273013 0.803571
vt 0.010455 0.769129
vt 0.012872 0.799775
vt 0.252367 0.831193
vt 0.434170 -0.000564
vt 0.434170 0.047174
vt 0.477031 0.037121
vt 0.477034 0.009489
vt 0.767469 0.037985
vt 0.767511 0.009036
vt 0.758412 0.012994
vt 0.758372 0.034034
vt 0.742647 0.079999
vt 0.802766 0.078558
vt 0.802611 0.086386
vt 0.659935 0.008902
vt 0.659909 0.037907
vt 0.667260 0.033932
vt 0.667292 0.012870
vt 0.767511 0.009036
vt 0.659935 0.008902
vt 0.667292 0.012870
vt 0.758412 0.012994
vt 0.659909 0.037907
vt 0.767469 0.037985
vt 0.758372 0.034034
vt 0.667260 0.033932
vt 0.248187 0.845472
vt 0.087462 0.824388
vt 0.101585 0.872835
vt 0.200354 0.898491
vt 0.087781 0.821739
vt 0.248489 0.842933
vt 0.200621 0.895919
vt 0.101870 0.870196
vt 0.496025 0.009501
vt 0.496016 0.037119
vt 0.587083 0.037145
vt 0.587098 0.009555
vt 0.920753 0.037554
vt 0.920805 0.009993
vt 0.856580 0.009889
vt 0.856531 0.037422
vt 0.200354 0.898491
vt 0.101585 0.872835
vt 0.095733 0.914414
vt 0.194985 0.927434
vt 0.101870 0.870196
vt 0.200621 0.895919
vt 0.195232 0.924858
vt 0.095990 0.911770
vt 0.587098 0.009555
vt 0.587083 0.037145
vt 0.624569 0.037147
vt 0.624589 0.009602
vt 0.856531 0.037422
vt 0.856580 0.009889
vt 0.803210 0.009820
vt 0.803166 0.037311
vt 0.855988 0.143720
vt 0.855998 0.079173
vt 0.860527 0.092492
vt 0.860275 0.129468
vt 0.746378 0.161581
vt 0.742912 0.095217
vt 0.802765 0.094160
vt 0.818470 0.162658
vt 0.739164 0.242297
vt 0.746063 0.176555
vt 0.818491 0.179076
vt 0.800085 0.247762
vt 0.746063 0.176555
vt 0.746378 0.161581
vt 0.818470 0.162658
vt 0.818491 0.179076
vt 0.880112 0.078078
vt 0.880112 0.143600
vt 0.875493 0.129612
vt 0.875755 0.093122
vt 0.802611 0.086386
vt 0.802766 0.078558
vt 0.843326 0.078078
vt 0.841907 0.087333
vt 0.860527 0.092492
vt 0.875755 0.093122
vt 0.875493 0.129612
vt 0.860275 0.129468
vt 0.875755 0.093122
vt 0.860527 0.092492
vt 0.855998 0.079173
vt 0.880112 0.078078
vt 0.855953 0.161867
vt 0.855953 0.180549
vt 0.839578 0.178862
vt 0.840251 0.163454
vt 0.841907 0.087333
vt 0.843326 0.078078
vt 0.855500 0.079065
vt 0.853580 0.088763
vt 0.868123 0.150508
vt 0.855988 0.143720
vt 0.860275 0.129468
vt 0.818491 0.179076
vt 0.818470 0.162658
vt 0.840251 0.163454
vt 0.839578 0.178862
vt 0.920805 0.009993
vt 0.920753 0.037554
vt 0.993102 0.037702
vt 0.993159 0.010132
vt 0.023074 0.813205
vt 0.013207 0.797075
vt 0.031461 0.814311
vt 0.252367 0.831193
vt 0.012872 0.799775
vt 0.031138 0.816999
vt 0.087462 0.824388
vt 0.248187 0.845472
vt 0.018811 0.005687
vt 0.017353 0.012895
vt 0.058069 0.017174
vt 0.057018 0.009582
vt 0.005197 0.013050
vt 0.004823 0.041772
vt 0.017016 0.042549
vt 0.017353 0.012895
vt 0.007158 0.052250
vt 0.011621 0.079898
vt 0.022706 0.077995
vt 0.018207 0.049961
vt 0.004823 0.041772
vt 0.007158 0.052250
vt 0.018207 0.049961
vt 0.017016 0.042549
vt 0.058479 0.039372
vt 0.057697 0.047491
vt 0.088867 0.045118
vt 0.089451 0.038081
vt 0.017016 0.042549
vt 0.018207 0.049961
vt 0.057697 0.047491
vt 0.058479 0.039372
vt 0.018207 0.049961
vt 0.022706 0.077995
vt 0.060001 0.067626
vt 0.057697 0.047491
vt 0.017353 0.012895
vt 0.017016 0.042549
vt 0.058479 0.039372
vt 0.058069 0.017174
vt 0.088267 0.015919
vt 0.089451 0.038081
vt 0.123793 0.036128
vt 0.122765 0.012993
vt 0.057697 0.047491
vt 0.060001 0.067626
vt 0.089824 0.064883
vt 0.088867 0.045118
vt 0.058069 0.017174
vt 0.058479 0.039372
vt 0.089451 0.038081
vt 0.088267 0.015919
vt 0.057018 0.009582
vt 0.058069 0.017174
vt 0.088267 0.015919
vt 0.086778 0.009361
vt 0.123793 0.036128
vt 0.127114 0.044087
vt 0.168247 0.043050
vt 0.166271 0.035467
vt 0.086778 0.009361
vt 0.088267 0.015919
vt 0.122765 0.012993
vt 0.125309 0.004244
vt 0.089451 0.038081
vt 0.088867 0.045118
vt 0.127114 0.044087
vt 0.123793 0.036128
vt 0.088867 0.045118
vt 0.089824 0.064883
vt 0.127519 0.065315
vt 0.127114 0.044087
vt 0.166271 0.035467
vt 0.168247 0.043050
vt 0.187250 0.042935
vt 0.188394 0.036238
vt 0.127114 0.044087
vt 0.127519 0.065315
vt 0.168357 0.064341
vt 0.168247 0.043050
vt 0.122765 0.012993
vt 0.123793 0.036128
vt 0.166271 0.035467
vt 0.166033 0.011669
vt 0.125309 0.004244
vt 0.122765 0.012993
vt 0.166033 0.011669
vt 0.167961 0.004162
vt 0.188801 0.010254
vt 0.188394 0.036238
vt 0.210674 0.035751
vt 0.211715 0.012806
vt 0.168247 0.043050
vt 0.168357 0.064341
vt 0.187736 0.065151
vt 0.187250 0.042935
vt 0.166033 0.011669
vt 0.166271 0.035467
vt 0.188394 0.036238
vt 0.188801 0.010254
vt 0.167961 0.004162
vt 0.166033 0.011669
vt 0.188801 0.010254
vt 0.187621 0.002529
vt 0.187621 0.002529
vt 0.188801 0.010254
vt 0.211715 0.012806
vt 0.210616 0.005733
vt 0.188394 0.036238
vt 0.187250 0.042935
vt 0.208497 0.042646
vt 0.210674 0.035751
vt 0.187250 0.042935
vt 0.187736 0.065151
vt 0.209317 0.063298
vt 0.208497 0.042646
vt 0.963435 0.175485
vt 0.966200 0.167323
vt 0.991309 0.189328
vt 0.986705 0.190464
vt 0.951901 0.199248
vt 0.949792 0.205808
vt 0.975999 0.214231
vt 0.974278 0.210080
vt 0.949792 0.205808
vt 0.951901 0.199248
vt 0.974278 0.210080
vt 0.975999 0.214231
vt 0.951901 0.199248
vt 0.963435 0.175485
vt 0.986705 0.190464
vt 0.974278 0.210080
vt 0.986705 0.190464
vt 0.991309 0.189328
vt 0.975999 0.214231
vt 0.974278 0.210080
vt 0.966443 0.167711
vt 0.963608 0.175477
vt 0.986975 0.190899
vt 0.991309 0.189328
vt 0.963608 0.175477
vt 0.951901 0.199248
vt 0.974278 0.210080
vt 0.986975 0.190899
vt 0.974278 0.210080
vt 0.975999 0.214231
vt 0.991309 0.189328
vt 0.986975 0.190899
vt 0.194985 0.927434
vt 0.095733 0.914414
vt 0.099312 0.942328
vt 0.185763 0.953669
vt 0.095990 0.911770
vt 0.195232 0.924858
vt 0.185991 0.951086
vt 0.099550 0.939686
vt 0.624589 0.009602
vt 0.624569 0.037147
vt 0.659909 0.037907
vt 0.659935 0.008902
vt 0.803166 0.037311
vt 0.803210 0.009820
vt 0.767511 0.009036
vt 0.767469 0.037985
vt 0.800085 0.247762
vt 0.818491 0.179076
vt 0.839578 0.178862
vt 0.841188 0.249706
vt 0.841188 0.249706
vt 0.839578 0.178862
vt 0.855953 0.180549
vt 0.853018 0.245346
vt 0.818470 0.162658
vt 0.802765 0.094160
vt 0.841922 0.096252
vt 0.840251 0.163454
vt 0.840251 0.163454
vt 0.841922 0.096252
vt 0.853237 0.098925
vt 0.855953 0.161867
vt 0.841922 0.096252
vt 0.841907 0.087333
vt 0.853580 0.088763
vt 0.853237 0.098925
vt 0.802765 0.094160
vt 0.802611 0.086386
vt 0.841907 0.087333
vt 0.841922 0.096252
vt 0.802765 0.094160
vt 0.742912 0.095217
vt 0.802611 0.086386
vt 0.742912 0.095217
vt 0.742647 0.079999
vt 0.802611 0.086386
vt 0.868123 0.150508
vt 0.860275 0.129468
vt 0.875493 0.129612
vt 0.880112 0.143600
vt 0.868123 0.150508
vt 0.875493 0.129612
vt 0.076138 0.100889
vt 0.079142 0.117441
vt 0.015230 0.133422
vt 0.011837 0.114724
vt 0.207959 0.089725
vt 0.204956 0.073174
vt 0.269277 0.059335
vt 0.272670 0.078033
vt 0.142011 0.091183
vt 0.143650 0.100211
vt 0.116333 0.106088
vt 0.114694 0.097061
vt 0.204956 0.073174
vt 0.207959 0.089725
vt 0.169035 0.094749
vt 0.167397 0.085722
vt 0.079142 0.117441
vt 0.076138 0.100889
vt 0.114694 0.097061
vt 0.116333 0.106088
vt 0.305311 0.168304
vt 0.307354 0.177158
vt 0.341209 0.166423
vt 0.332069 0.159673
vt 0.306697 0.176623
vt 0.304330 0.167850
vt 0.331093 0.159247
vt 0.340210 0.165969
vt 0.096077 0.551998
vt 0.124465 0.549996
vt 0.108640 0.403203
vt 0.090833 0.404567
vt 0.096077 0.551998
vt 0.067536 0.550810
vt 0.067145 0.556880
vt 0.096422 0.557963
vt 0.067536 0.550810
vt 0.039229 0.544738
vt 0.037387 0.550880
vt 0.067145 0.556880
vt 0.039229 0.544738
vt 0.014880 0.530973
vt 0.010135 0.535092
vt 0.037387 0.550880
vt 0.224410 0.510310
vt 0.204655 0.526771
vt 0.207528 0.531463
vt 0.228690 0.512817
vt 0.204655 0.526771
vt 0.179542 0.537786
vt 0.181511 0.543193
vt 0.207528 0.531463
vt 0.179542 0.537786
vt 0.152438 0.545283
vt 0.153818 0.550986
vt 0.181511 0.543193
vt 0.152438 0.545283
vt 0.124465 0.549996
vt 0.125344 0.555854
vt 0.153818 0.550986
vt 0.124465 0.549996
vt 0.096077 0.551998
vt 0.096422 0.557963
vt 0.125344 0.555854
vt 0.000000 0.032380
vt 0.000000 0.032380
vt 0.000000 0.032380
vt 0.000000 0.032380
vt 0.000000 0.032380
vt 0.000000 0.032380
vt 0.000000 0.032380
vt 0.000000 0.032380
vt 0.152438 0.545283
vt 0.179542 0.537786
vt 0.143668 0.396187
vt 0.126290 0.400397
vt 0.204655 0.526771
vt 0.224410 0.510310
vt 0.178924 0.383594
vt 0.160657 0.390676
vt 0.039229 0.544738
vt 0.067536 0.550810
vt 0.072986 0.404477
vt 0.055246 0.402955
vt 0.124465 0.549996
vt 0.152438 0.545283
vt 0.126290 0.400397
vt 0.108640 0.403203
vt 0.179542 0.537786
vt 0.204655 0.526771
vt 0.160657 0.390676
vt 0.143668 0.396187
vt 0.014880 0.530973
vt 0.039229 0.544738
vt 0.055246 0.402955
vt 0.037849 0.400095
vt 0.067536 0.550810
vt 0.096077 0.551998
vt 0.090833 0.404567
vt 0.072986 0.404477
vt 0.138624 0.154565
vt 0.160321 0.147751
vt 0.216691 0.100940
vt 0.007549 0.166740
vt 0.161158 0.147627
vt 0.139146 0.154070
vt 0.009013 0.166384
vt 0.216360 0.100601
vt 0.193095 0.218047
vt 0.161158 0.147627
vt 0.216360 0.100601
vt 0.286367 0.183503
vt 0.181072 0.302921
vt 0.201913 0.292377
vt 0.272035 0.297597
vt 0.066588 0.370959
vt 0.175249 0.223818
vt 0.181072 0.302921
vt 0.066588 0.370959
vt 0.077572 0.255800
vt 0.201586 0.294095
vt 0.180844 0.304297
vt 0.065638 0.372997
vt 0.272506 0.298567
vt 0.192650 0.218969
vt 0.201586 0.294095
vt 0.272506 0.298567
vt 0.285745 0.184503
vt 0.175176 0.224630
vt 0.138624 0.154565
vt 0.007549 0.166740
vt 0.076675 0.256912
vt 0.433435 0.199923
vt 0.402554 0.199111
vt 0.402894 0.184307
vt 0.431284 0.185054
vt 0.432344 0.138919
vt 0.403954 0.138173
vt 0.405063 0.089909
vt 0.433453 0.090656
vt 0.433453 0.090656
vt 0.405063 0.089909
vt 0.405401 0.075232
vt 0.436282 0.076043
vt 0.432319 0.248485
vt 0.401438 0.247673
vt 0.402554 0.199111
vt 0.433435 0.199923
vt 0.431284 0.185054
vt 0.402894 0.184307
vt 0.403954 0.138173
vt 0.432344 0.138919
vt 0.160321 0.147751
vt 0.192650 0.218969
vt 0.285745 0.184503
vt 0.216691 0.100940
vt 0.201913 0.292377
vt 0.193095 0.218047
vt 0.286367 0.183503
vt 0.272035 0.297597
vt 0.309581 0.184355
vt 0.306697 0.176623
vt 0.340210 0.165969
vt 0.336321 0.175863
vt 0.307354 0.177158
vt 0.310545 0.184787
vt 0.337316 0.176347
vt 0.341209 0.166423
vt 0.167397 0.085722
vt 0.169035 0.094749
vt 0.143650 0.100211
vt 0.142011 0.091183
vt 0.431198 0.297290
vt 0.400317 0.296478
vt 0.401438 0.247673
vt 0.432319 0.248485
vt 0.180844 0.304297
vt 0.175176 0.224630
vt 0.076675 0.256912
vt 0.065638 0.372997
vt 0.139146 0.154070
vt 0.175249 0.223818
vt 0.077572 0.255800
vt 0.009013 0.166384
vt 0.343398 0.054345
vt 0.347556 0.065687
vt 0.354996 0.063255
vt 0.350839 0.051913
vt 0.354996 0.063255
vt 0.347556 0.065687
vt 0.351713 0.077028
vt 0.359154 0.074596
vt 0.343307 0.022434
vt 0.330518 0.026197
vt 0.343398 0.054345
vt 0.350839 0.051913
vt 0.392422 0.038390
vt 0.368064 0.030698
vt 0.362043 0.055438
vt 0.373308 0.059170
vt 0.316719 0.047117
vt 0.304213 0.065486
vt 0.329975 0.072208
vt 0.336627 0.063251
vt 0.368064 0.030698
vt 0.343307 0.022434
vt 0.350839 0.051913
vt 0.362043 0.055438
vt 0.306697 0.176623
vt 0.309581 0.184355
vt 0.299383 0.254465
vt 0.272035 0.297597
vt 0.286367 0.183503
vt 0.307354 0.177158
vt 0.305311 0.168304
vt 0.259930 0.117221
vt 0.216691 0.100940
vt 0.285745 0.184503
vt 0.366975 0.214419
vt 0.368109 0.155863
vt 0.392127 0.148750
vt 0.384678 0.229695
vt 0.336567 0.103527
vt 0.369111 0.156366
vt 0.393122 0.149267
vt 0.343179 0.079506
vt 0.299383 0.254465
vt 0.366975 0.214419
vt 0.384678 0.229695
vt 0.272035 0.297597
vt 0.367946 0.214886
vt 0.300098 0.255083
vt 0.272506 0.298567
vt 0.385638 0.230144
vt 0.259930 0.117221
vt 0.336567 0.103527
vt 0.343179 0.079506
vt 0.216691 0.100940
vt 0.335552 0.103042
vt 0.259203 0.116727
vt 0.216360 0.100601
vt 0.342143 0.079005
vt 0.259203 0.116727
vt 0.304330 0.167850
vt 0.306697 0.176623
vt 0.286367 0.183503
vt 0.216360 0.100601
vt 0.300098 0.255083
vt 0.310545 0.184787
vt 0.307354 0.177158
vt 0.285745 0.184503
vt 0.272506 0.298567
vt 0.368109 0.155863
vt 0.335552 0.103042
vt 0.342143 0.079005
vt 0.392127 0.148750
vt 0.369111 0.156366
vt 0.367946 0.214886
vt 0.385638 0.230144
vt 0.393122 0.149267
vt 0.725658 0.060487
vt 0.725658 0.053751
vt 0.741658 0.053751
vt 0.741658 0.060487
vt 0.741658 0.060487
vt 0.741658 0.053751
vt 0.747385 0.053773
vt 0.747385 0.060464
vt 0.747385 0.060464
vt 0.747385 0.053773
vt 0.753701 0.053751
vt 0.753701 0.060486
vt 0.753701 0.060486
vt 0.753701 0.053751
vt 0.769701 0.053751
vt 0.769701 0.060486
vt 0.497873 0.060487
vt 0.497873 0.053752
vt 0.533650 0.045580
vt 0.533650 0.068659
vt 0.533650 0.068659
vt 0.533650 0.045580
vt 0.575700 0.048801
vt 0.575700 0.065438
vt 0.575700 0.065438
vt 0.575700 0.048801
vt 0.612984 0.048341
vt 0.612984 0.065897
vt 0.612984 0.065897
vt 0.612984 0.048341
vt 0.647632 0.048781
vt 0.647632 0.065456
vt 0.647632 0.065456
vt 0.647632 0.048781
vt 0.689617 0.045549
vt 0.689617 0.068688
vt 0.689617 0.068688
vt 0.689617 0.045549
vt 0.725658 0.053751
vt 0.725658 0.060487
vt 0.914354 0.121679
vt 0.917515 0.112930
vt 0.962066 0.130728
vt 0.953860 0.133325
vt 0.916244 0.112363
vt 0.916376 0.103509
vt 0.945421 0.104393
vt 0.952209 0.111792
vt 0.878148 0.211898
vt 0.874808 0.204993
vt 0.905394 0.192056
vt 0.908017 0.197476
vt 0.913040 0.121375
vt 0.914354 0.121679
vt 0.953860 0.133325
vt 0.945955 0.147257
vt 0.946352 0.147413
vt 0.952374 0.149227
vt 0.949412 0.167560
vt 0.943117 0.165869
vt 0.953860 0.133325
vt 0.962066 0.130728
vt 0.952374 0.149227
vt 0.946352 0.147413
vt 0.907234 0.128628
vt 0.913040 0.121375
vt 0.945955 0.147257
vt 0.931345 0.146335
vt 0.917515 0.112930
vt 0.916244 0.112363
vt 0.952209 0.111792
vt 0.962066 0.130728
vt 0.963699 0.104037
vt 0.959033 0.094918
vt 0.967535 0.089704
vt 0.972167 0.094088
vt 0.952209 0.111792
vt 0.945421 0.104393
vt 0.959033 0.094918
vt 0.963699 0.104037
vt 0.931345 0.146335
vt 0.945955 0.147257
vt 0.942816 0.165808
vt 0.929493 0.168643
vt 0.908017 0.197476
vt 0.905394 0.192056
vt 0.922973 0.184391
vt 0.925364 0.189334
vt 0.939889 0.178230
vt 0.942067 0.180620
vt 0.935345 0.183662
vt 0.933871 0.180615
vt 0.925364 0.189334
vt 0.922973 0.184391
vt 0.933871 0.180615
vt 0.935345 0.183662
vt 0.943117 0.165869
vt 0.949412 0.167560
vt 0.942067 0.180620
vt 0.939889 0.178230
vt 0.929493 0.168643
vt 0.942816 0.165808
vt 0.939889 0.178230
vt 0.933871 0.180615
vn 0.000000 -0.776360 0.630238
vn -0.548967 -0.548967 0.630238
vn -0.660512 -0.660512 0.356975
vn 0.000000 -0.934080 0.356975
vn 0.000000 0.594348 0.804163
vn -0.420270 0.420270 0.804163
vn -0.704947 0.704947 -0.077822
vn 0.000000 0.996948 -0.077822
vn 0.548967 -0.548967 0.630238
vn 0.000000 -0.776360 0.630238
vn 0.000000 -0.934080 0.356975
vn 0.660512 -0.660512 0.356975
vn -0.403058 0.000000 -0.915159
vn -0.536058 -0.317423 -0.782189
vn -0.392895 -0.793878 -0.464034
vn -0.436995 0.000000 -0.899441
vn 0.548967 0.548967 -0.630238
vn 0.000000 0.776360 -0.630238
vn 0.000000 0.776360 0.630238
vn 0.548967 0.548967 0.630238
vn 0.548967 -0.548967 -0.630238
vn 0.776360 0.000000 -0.630238
vn 0.776360 0.000000 0.630238
vn 0.548967 -0.548967 0.630238
vn -0.548967 -0.548967 -0.630238
vn 0.000000 -0.776360 -0.630238
vn 0.000000 -0.776360 0.630238
vn -0.548967 -0.548967 0.630238
vn 0.538957 0.000000 0.842311
vn 0.381085 0.381085 0.842311
vn 0.459090 0.459090 -0.760552
vn 0.649251 0.000000 -0.760552
vn 0.594897 -0.594897 0.540513
vn 0.841304 0.000000 0.540513
vn 0.722160 0.000000 0.691702
vn 0.510636 -0.510636 0.691702
vn 0.776360 0.000000 0.630238
vn 0.934080 0.000000 0.356975
vn 0.660512 0.660512 0.356975
vn 0.548967 0.548967 0.630238
vn 0.841304 0.000000 0.540513
vn 0.594897 0.594897 0.540513
vn 0.510636 0.510636 0.691702
vn 0.722160 0.000000 0.691702
vn -0.722160 0.000000 0.691702
vn -0.510636 0.510636 0.691702
vn -0.594897 0.594897 0.540513
vn -0.841304 0.000000 0.540513
vn -0.704764 -0.704764 -0.081088
vn 0.000000 -0.996704 -0.081088
vn 0.000000 -0.841304 0.540513
vn -0.594897 -0.594897 0.540513
vn 0.000000 0.776360 -0.630238
vn -0.512223 0.572985 -0.639729
vn -0.512223 0.572985 0.639729
vn 0.000000 0.776360 0.630238
vn 0.704764 0.704764 -0.081088
vn 0.000000 0.996704 -0.081088
vn 0.000000 0.841304 0.540513
vn 0.594897 0.594897 0.540513
vn 0.000000 0.776360 0.630238
vn 0.000000 0.934080 0.356975
vn -0.660512 0.660512 0.356975
vn -0.548967 0.548967 0.630238
vn -0.510636 0.510636 0.691702
vn -0.722160 0.000000 0.691702
vn -0.951872 0.000000 0.306467
vn -0.673055 0.673055 0.306467
vn 0.776360 0.000000 -0.630238
vn 0.548967 0.548967 -0.630238
vn 0.548967 0.548967 0.630238
vn 0.776360 0.000000 0.630238
vn 0.000000 0.649251 -0.760552
vn 0.459090 0.459090 -0.760552
vn 0.381085 0.381085 0.842311
vn 0.000000 0.538957 0.842311
vn -0.538957 0.000000 0.842311
vn -0.381085 0.381085 0.842311
vn -0.548967 0.548967 0.630238
vn -0.776360 0.000000 0.630238
vn 0.548967 0.548967 0.630238
vn 0.000000 0.776360 0.630238
vn 0.000000 0.538957 0.842311
vn 0.381085 0.381085 0.842311
vn -0.704764 0.704764 -0.081088
vn -0.996704 0.000000 -0.081088
vn -0.841304 0.000000 0.540513
vn -0.594897 0.594897 0.540513
vn -0.459090 -0.459090 -0.760552
vn 0.000000 -0.649251 -0.760552
vn 0.000000 -0.776360 -0.630238
vn -0.512223 -0.572985 -0.639729
vn -0.649251 0.000000 -0.760552
vn -0.459090 0.459090 -0.760552
vn -0.381085 0.381085 0.842311
vn -0.538957 0.000000 0.842311
vn 0.420270 -0.420270 0.804163
vn 0.000000 -0.594348 0.804163
vn 0.000000 -0.776360 0.630238
vn 0.548967 -0.548967 0.630238
vn 0.538957 0.000000 0.842311
vn 0.776360 0.000000 0.630238
vn 0.548967 0.548967 0.630238
vn 0.381085 0.381085 0.842311
vn -0.420270 0.420270 0.804163
vn -0.594348 0.000000 0.804163
vn -0.996948 0.000000 -0.077822
vn -0.704947 0.704947 -0.077822
vn -0.704764 0.704764 -0.081088
vn -0.704947 0.704947 -0.077822
vn -0.996948 0.000000 -0.077822
vn -0.996704 0.000000 -0.081088
vn -0.660512 -0.660512 0.356975
vn -0.673055 -0.673055 0.306467
vn 0.000000 -0.951872 0.306467
vn 0.000000 -0.934080 0.356975
vn 0.704764 0.704764 -0.081088
vn 0.996704 0.000000 -0.081088
vn 0.996948 0.000000 -0.077822
vn 0.704947 0.704947 -0.077822
vn 0.722160 0.000000 0.691702
vn 0.510636 0.510636 0.691702
vn 0.673055 0.673055 0.306467
vn 0.951872 0.000000 0.306467
vn 0.000000 0.996704 -0.081088
vn 0.704764 0.704764 -0.081088
vn 0.704947 0.704947 -0.077822
vn 0.000000 0.996948 -0.077822
vn 0.000000 -0.996704 -0.081088
vn 0.704764 -0.704764 -0.081088
vn 0.594897 -0.594897 0.540513
vn 0.000000 -0.841304 0.540513
vn -0.704764 -0.704764 -0.081088
vn -0.996704 0.000000 -0.081088
vn -0.996948 0.000000 -0.077822
vn -0.704947 -0.704947 -0.077822
vn 0.000000 -0.776360 0.630238
vn 0.548967 -0.548967 0.630238
vn 0.381085 -0.381085 0.842311
vn 0.000000 -0.538957 0.842311
vn -0.776360 0.000000 -0.630238
vn -0.548967 -0.548967 -0.630238
vn -0.548967 -0.548967 0.630238
vn -0.776360 0.000000 0.630238
vn -0.538957 0.000000 0.842311
vn -0.776360 0.000000 0.630238
vn -0.548967 -0.548967 0.630238
vn -0.381085 -0.381085 0.842311
vn -0.512223 0.572985 -0.639729
vn -0.536058 0.317423 -0.782189
vn -0.536058 0.317423 0.782189
vn -0.512223 0.572985 0.639729
vn -0.776360 0.000000 0.630238
vn -0.548967 0.548967 0.630238
vn -0.660512 0.660512 0.356975
vn -0.934080 0.000000 0.356975
vn -0.660512 -0.660512 0.356975
vn -0.548967 -0.548967 0.630238
vn -0.776360 0.000000 0.630238
vn -0.934080 0.000000 0.356975
vn -0.381085 -0.381085 0.842311
vn 0.000000 -0.538957 0.842311
vn 0.000000 -0.649251 -0.760552
vn -0.459090 -0.459090 -0.760552
vn 0.594348 0.000000 0.804163
vn 0.420270 -0.420270 0.804163
vn 0.548967 -0.548967 0.630238
vn 0.776360 0.000000 0.630238
vn -0.594348 0.000000 0.804163
vn -0.420270 -0.420270 0.804163
vn -0.704947 -0.704947 -0.077822
vn -0.996948 0.000000 -0.077822
vn -0.536058 0.317423 -0.782189
vn -0.403058 0.000000 -0.915159
vn -0.436995 0.000000 -0.899441
vn -0.392895 0.793878 -0.464034
vn -0.722160 0.000000 0.691702
vn -0.841304 0.000000 0.540513
vn -0.594897 -0.594897 0.540513
vn -0.510636 -0.510636 0.691702
vn 0.000000 -0.649251 -0.760552
vn 0.459059 -0.459090 -0.760552
vn 0.548967 -0.548967 -0.630238
vn 0.000000 -0.776360 -0.630238
vn 0.000000 0.722160 0.691702
vn -0.510636 0.510636 0.691702
vn -0.673055 0.673055 0.306467
vn 0.000000 0.951872 0.306467
vn 0.548967 -0.548967 -0.630238
vn 0.776360 0.000000 -0.630238
vn 0.776360 0.000000 0.630238
vn 0.548967 -0.548967 0.630238
vn 0.000000 -0.722160 0.691702
vn -0.510636 -0.510636 0.691702
vn -0.594897 -0.594897 0.540513
vn 0.000000 -0.841304 0.540513
vn -0.510636 -0.510636 0.691702
vn 0.000000 -0.722160 0.691702
vn 0.000000 -0.951872 0.306467
vn -0.673055 -0.673055 0.306467
vn -0.512223 0.572985 -0.639729
vn 0.000000 0.776360 -0.630238
vn 0.000000 0.649251 -0.760552
vn -0.459090 0.459090 -0.760552
vn 0.000000 0.776360 0.630238
vn -0.512223 0.572985 0.639729
vn -0.420270 0.420270 0.804163
vn 0.000000 0.594348 0.804163
vn -0.536058 -0.317423 -0.782189
vn -0.512223 -0.572985 -0.639729
vn -0.512223 -0.572985 0.639729
vn -0.536058 -0.317423 0.782189
vn 0.000000 -0.722160 0.691702
vn 0.510636 -0.510636 0.691702
vn 0.673055 -0.673055 0.306467
vn 0.000000 -0.951872 0.306467
vn 0.000000 -0.538957 0.842311
vn 0.381085 -0.381085 0.842311
vn 0.459059 -0.459090 -0.760552
vn 0.000000 -0.649251 -0.760552
vn 0.548967 0.548967 -0.630238
vn 0.000000 0.776360 -0.630238
vn 0.000000 0.776360 0.630238
vn 0.548967 0.548967 0.630238
vn -0.934080 0.000000 0.356975
vn -0.660512 0.660512 0.356975
vn -0.673055 0.673055 0.306467
vn -0.951872 0.000000 0.306467
vn 0.000000 -0.841304 0.540513
vn 0.594897 -0.594897 0.540513
vn 0.510636 -0.510636 0.691702
vn 0.000000 -0.722160 0.691702
vn -0.594348 0.000000 0.804163
vn -0.536058 -0.317423 0.782189
vn -0.420270 -0.420270 0.804163
vn 0.000000 0.996704 -0.081088
vn -0.704764 0.704764 -0.081088
vn -0.594897 0.594897 0.540513
vn 0.000000 0.841304 0.540513
vn 0.548967 -0.548967 0.630238
vn 0.660512 -0.660512 0.356975
vn 0.934080 0.000000 0.356975
vn 0.776360 0.000000 0.630238
vn -0.420270 0.420270 0.804163
vn -0.536058 0.317423 0.782189
vn -0.594348 0.000000 0.804163
vn 0.420270 -0.420270 0.804163
vn 0.594348 0.000000 0.804163
vn 0.996948 0.000000 -0.077822
vn 0.704947 -0.704947 -0.077822
vn -0.704947 -0.704947 -0.077822
vn 0.000000 -0.996948 -0.077822
vn 0.000000 -0.996704 -0.081088
vn -0.704764 -0.704764 -0.081088
vn -0.951872 0.000000 0.306467
vn -0.673055 -0.673055 0.306467
vn -0.660512 -0.660512 0.356975
vn -0.934080 0.000000 0.356975
vn -0.536058 0.317423 -0.782189
vn -0.512223 0.572985 -0.639729
vn -0.459090 0.459090 -0.760552
vn 0.000000 0.538957 0.842311
vn -0.381085 0.381085 0.842311
vn -0.459090 0.459090 -0.760552
vn 0.000000 0.649251 -0.760552
vn 0.594897 0.594897 0.540513
vn 0.000000 0.841304 0.540513
vn 0.000000 0.722160 0.691702
vn 0.510636 0.510636 0.691702
vn 0.000000 0.538957 0.842311
vn 0.000000 0.776360 0.630238
vn -0.548967 0.548967 0.630238
vn -0.381085 0.381085 0.842311
vn 0.000000 -0.776360 -0.630238
vn 0.000000 0.776360 -0.630238
vn 0.548967 0.548967 -0.630238
vn 0.548967 -0.548967 -0.630238
vn -0.538957 0.000000 0.842311
vn -0.381085 -0.381085 0.842311
vn -0.459090 -0.459090 -0.760552
vn -0.649251 0.000000 -0.760552
vn 0.510636 -0.510636 0.691702
vn 0.722160 0.000000 0.691702
vn 0.951872 0.000000 0.306467
vn 0.673055 -0.673055 0.306467
vn 0.000000 0.996948 -0.077822
vn -0.704947 0.704947 -0.077822
vn -0.704764 0.704764 -0.081088
vn 0.000000 0.996704 -0.081088
vn 0.934080 0.000000 0.356975
vn 0.660512 -0.660512 0.356975
vn 0.673055 -0.673055 0.306467
vn 0.951872 0.000000 0.306467
vn 0.776360 0.000000 -0.630238
vn 0.548967 0.548967 -0.630238
vn 0.548967 0.548967 0.630238
vn 0.776360 0.000000 0.630238
vn 0.548967 0.548967 0.630238
vn 0.660512 0.660512 0.356975
vn 0.000000 0.934080 0.356975
vn 0.000000 0.776360 0.630238
vn -0.512223 -0.572985 -0.639729
vn 0.000000 -0.776360 -0.630238
vn 0.000000 -0.776360 0.630238
vn -0.512223 -0.572985 0.639729
vn -0.536058 -0.317423 -0.782189
vn -0.649251 0.000000 -0.760552
vn -0.459090 -0.459090 -0.760552
vn -0.996704 0.000000 -0.081088
vn -0.704764 -0.704764 -0.081088
vn -0.594897 -0.594897 0.540513
vn -0.841304 0.000000 0.540513
vn 0.996704 0.000000 -0.081088
vn 0.704764 0.704764 -0.081088
vn 0.594897 0.594897 0.540513
vn 0.841304 0.000000 0.540513
vn 0.000000 0.934080 0.356975
vn 0.660512 0.660512 0.356975
vn 0.673055 0.673055 0.306467
vn 0.000000 0.951872 0.306467
vn 0.000000 -0.996948 -0.077822
vn -0.704947 -0.704947 -0.077822
vn -0.420270 -0.420270 0.804163
vn 0.000000 -0.594348 0.804163
vn 0.000000 -0.996948 -0.077822
vn 0.704947 -0.704947 -0.077822
vn 0.704764 -0.704764 -0.081088
vn 0.000000 -0.996704 -0.081088
vn 0.000000 -0.594348 0.804163
vn 0.420270 -0.420270 0.804163
vn 0.704947 -0.704947 -0.077822
vn 0.000000 -0.996948 -0.077822
vn 0.000000 0.996948 -0.077822
vn 0.704947 0.704947 -0.077822
vn 0.420270 0.420270 0.804163
vn 0.000000 0.594348 0.804163
vn 0.381085 -0.381085 0.842311
vn 0.538957 0.000000 0.842311
vn 0.649251 0.000000 -0.760552
vn 0.459059 -0.459090 -0.760552
vn -0.951872 0.000000 0.306467
vn -0.722160 0.000000 0.691702
vn -0.510636 -0.510636 0.691702
vn -0.673055 -0.673055 0.306467
vn 0.704947 -0.704947 -0.077822
vn 0.996948 0.000000 -0.077822
vn 0.996704 0.000000 -0.081088
vn 0.704764 -0.704764 -0.081088
vn -0.420270 -0.420270 0.804163
vn -0.512223 -0.572985 0.639729
vn 0.000000 -0.776360 0.630238
vn 0.000000 -0.594348 0.804163
vn 0.000000 0.776360 -0.630238
vn -0.548967 0.548967 -0.630238
vn -0.548967 0.548967 0.630238
vn 0.000000 0.776360 0.630238
vn 0.548967 0.548967 -0.630238
vn 0.776360 0.000000 -0.630238
vn 0.649251 0.000000 -0.760552
vn 0.459090 0.459090 -0.760552
vn 0.000000 -0.934080 0.356975
vn 0.000000 -0.951872 0.306467
vn 0.673055 -0.673055 0.306467
vn 0.660512 -0.660512 0.356975
vn 0.548967 -0.548967 -0.630238
vn 0.459059 -0.459090 -0.760552
vn 0.649251 0.000000 -0.760552
vn 0.776360 0.000000 -0.630238
vn -0.660512 0.660512 0.356975
vn 0.000000 0.934080 0.356975
vn 0.000000 0.951872 0.306467
vn -0.673055 0.673055 0.306467
vn 0.510636 0.510636 0.691702
vn 0.000000 0.722160 0.691702
vn 0.000000 0.951872 0.306467
vn 0.673055 0.673055 0.306467
vn -0.548967 0.548967 -0.630238
vn -0.776360 0.000000 -0.630238
vn -0.776360 0.000000 0.630238
vn -0.548967 0.548967 0.630238
vn -0.381085 -0.381085 0.842311
vn -0.548967 -0.548967 0.630238
vn 0.000000 -0.776360 0.630238
vn 0.000000 -0.538957 0.842311
vn 0.459090 0.459090 -0.760552
vn 0.000000 0.649251 -0.760552
vn 0.000000 0.776360 -0.630238
vn 0.548967 0.548967 -0.630238
vn 0.548967 0.548967 0.630238
vn 0.000000 0.776360 0.630238
vn 0.000000 0.594348 0.804163
vn 0.420270 0.420270 0.804163
vn -0.548967 0.548967 -0.630238
vn 0.000000 0.776360 -0.630238
vn 0.000000 -0.776360 -0.630238
vn -0.548967 -0.548967 -0.630238
vn 0.538957 0.000000 0.842311
vn 0.381085 -0.381085 0.842311
vn 0.548967 -0.548967 0.630238
vn 0.776360 0.000000 0.630238
vn 0.934080 0.000000 0.356975
vn 0.951872 0.000000 0.306467
vn 0.673055 0.673055 0.306467
vn 0.660512 0.660512 0.356975
vn 0.704764 -0.704764 -0.081088
vn 0.996704 0.000000 -0.081088
vn 0.841304 0.000000 0.540513
vn 0.594897 -0.594897 0.540513
vn 0.000000 -0.776360 -0.630238
vn 0.548967 -0.548967 -0.630238
vn 0.548967 -0.548967 0.630238
vn 0.000000 -0.776360 0.630238
vn 0.000000 -0.776360 -0.630238
vn 0.548967 -0.548967 -0.630238
vn 0.548967 -0.548967 0.630238
vn 0.000000 -0.776360 0.630238
vn -0.536058 0.317423 -0.782189
vn -0.649251 0.000000 -0.760552
vn -0.403058 0.000000 -0.915159
vn -0.512223 -0.572985 -0.639729
vn -0.536058 -0.317423 -0.782189
vn -0.459090 -0.459090 -0.760552
vn -0.536058 -0.317423 -0.782189
vn -0.536058 -0.317423 0.782189
vn -0.392895 -0.793878 0.464034
vn -0.392895 -0.793878 -0.464034
vn -0.512223 -0.572985 0.639729
vn -0.420270 -0.420270 0.804163
vn -0.536058 -0.317423 0.782189
vn -0.594348 0.000000 0.804163
vn -0.403058 0.000000 0.915159
vn -0.536058 -0.317423 0.782189
vn -0.403058 0.000000 0.915159
vn -0.536058 0.317423 0.782189
vn -0.392895 0.793878 0.464034
vn -0.436995 0.000000 0.899441
vn -0.403058 0.000000 0.915159
vn -0.594348 0.000000 0.804163
vn -0.536058 0.317423 0.782189
vn -0.420270 0.420270 0.804163
vn -0.512223 0.572985 0.639729
vn -0.536058 0.317423 0.782189
vn 0.594348 0.000000 0.804163
vn 0.420270 0.420270 0.804163
vn 0.704947 0.704947 -0.077822
vn 0.996948 0.000000 -0.077822
vn -0.536058 -0.317423 -0.782189
vn -0.403058 0.000000 -0.915159
vn -0.649251 0.000000 -0.760552
vn -0.536058 0.317423 0.782189
vn -0.536058 0.317423 -0.782189
vn -0.392895 0.793878 -0.464034
vn -0.392895 0.793878 0.464034
vn -0.536058 -0.317423 0.782189
vn -0.403058 0.000000 0.915159
vn -0.436995 0.000000 0.899441
vn -0.392895 -0.793878 0.464034
vn -0.392895 0.793878 -0.464034
vn -0.436995 0.000000 -0.899441
vn -0.733024 0.000000 -0.680166
vn -0.693869 0.432051 -0.576067
vn 0.594348 0.000000 0.804163
vn 0.776360 0.000000 0.630238
vn 0.548967 0.548967 0.630238
vn 0.420270 0.420270 0.804163
vn 0.548967 0.548967 -0.630238
vn 0.776360 0.000000 -0.630238
vn 0.548967 -0.548967 -0.630238
vn -0.548967 -0.548967 -0.630238
vn -0.776360 0.000000 -0.630238
vn -0.548967 0.548967 -0.630238
vn 0.000000 0.841304 0.540513
vn -0.594897 0.594897 0.540513
vn -0.510636 0.510636 0.691702
vn 0.000000 0.722160 0.691702
vn -0.536058 0.317423 -0.782189
vn -0.459090 0.459090 -0.760552
vn -0.649251 0.000000 -0.760552
vn -0.392895 -0.793878 -0.464034
vn -0.392895 -0.793878 0.464034
vn -0.693869 -0.432051 0.576067
vn -0.693869 -0.432051 -0.576067
vn -0.681972 0.731379 0.000000
vn -0.681972 0.731379 0.000000
vn -0.681972 0.731379 0.000000
vn -0.681972 0.731379 0.000000
vn -0.681972 0.731379 0.000000
vn -0.353038 0.645955 0.676778
vn -0.353038 -0.645955 0.676778
vn 0.000000 -0.707083 0.707083
vn 0.000000 0.707083 0.707083
vn -0.353038 -0.645955 -0.676778
vn -0.353038 0.645955 -0.676778
vn 0.000000 0.707083 -0.707083
vn 0.000000 -0.707083 -0.707083
vn -0.273843 -0.914335 -0.298257
vn -0.118381 -0.927732 -0.353923
vn -0.118381 0.927732 -0.353923
vn -0.273843 0.914335 -0.298257
vn -0.544267 -0.599597 -0.586688
vn -0.544267 0.599597 -0.586688
vn -0.353038 0.645955 -0.676778
vn -0.353038 -0.645955 -0.676778
vn -0.891171 0.327555 0.313822
vn -0.891171 -0.327555 0.313822
vn -0.353038 -0.645955 0.676778
vn -0.353038 0.645955 0.676778
vn -0.273843 0.914335 -0.298257
vn -0.273843 0.914335 0.298257
vn -0.273843 -0.914335 0.298257
vn -0.273843 -0.914335 -0.298257
vn 0.000000 1.000000 0.000000
vn 0.000000 1.000000 0.000000
vn 0.000000 1.000000 0.000000
vn 0.000000 1.000000 0.000000
vn 0.000000 -1.000000 0.000000
vn 0.000000 -1.000000 0.000000
vn 0.000000 -1.000000 0.000000
vn 0.000000 -1.000000 0.000000
vn -0.653601 -0.749974 -0.101711
vn -0.653601 -0.749974 -0.101711
vn -0.653601 -0.749974 -0.101711
vn -0.653601 0.749974 -0.101711
vn -0.653601 0.749974 -0.101711
vn -0.653601 0.749974 -0.101711
vn -0.653604 0.749971 0.101711
vn -0.653604 0.749971 0.101711
vn -0.653604 0.749971 0.101711
vn -0.653604 -0.749971 0.101711
vn -0.653604 -0.749971 0.101711
vn -0.653604 -0.749971 0.101711
vn 0.000000 -1.000000 0.000000
vn 0.000000 -1.000000 0.000000
vn 0.000000 -1.000000 0.000000
vn 0.000000 -1.000000 0.000000
vn 0.333598 -0.767174 -0.547807
vn -0.563433 -0.429151 -0.705924
vn -0.563463 0.429151 -0.705924
vn 0.333598 0.767174 -0.547807
vn 0.000000 -1.000000 0.000000
vn 0.000000 -1.000000 0.000000
vn 0.000000 -1.000000 0.000000
vn 0.000000 -1.000000 0.000000
vn 0.000000 1.000000 -0.000000
vn 0.000000 1.000000 -0.000000
vn 0.000000 1.000000 -0.000000
vn 0.000000 1.000000 -0.000000
vn 0.000000 1.000000 0.000000
vn 0.000000 1.000000 0.000000
vn 0.000000 1.000000 0.000000
vn 0.000000 1.000000 0.000000
vn 0.333598 0.767174 -0.547807
vn -0.118381 0.927732 -0.353923
vn -0.118381 -0.927732 -0.353923
vn 0.333598 -0.767174 -0.547807
vn -0.273843 0.914335 0.298257
vn -0.118381 0.927732 0.353923
vn -0.118381 -0.927732 0.353923
vn -0.273843 -0.914335 0.298257
vn 0.000000 1.000000 0.000000
vn 0.000000 1.000000 0.000000
vn 0.000000 1.000000 0.000000
vn 0.000000 1.000000 0.000000
vn -0.681970 -0.731380 0.000000
vn -0.681970 -0.731380 0.000000
vn -0.681970 -0.731380 0.000000
vn -0.681970 0.731380 0.000000
vn -0.681970 0.731380 0.000000
vn -0.681970 0.731380 0.000000
vn -0.301492 -0.301492 0.904508
vn -0.301492 -0.301492 -0.904508
vn -0.577349 -0.577349 -0.577349
vn -0.577349 -0.577349 0.577349
vn -0.544267 0.599597 -0.586688
vn -0.544267 -0.599597 -0.586688
vn -0.577349 -0.577349 -0.577349
vn -0.301492 -0.301492 -0.904508
vn 0.000000 0.000000 1.000000
vn 0.000000 0.000000 1.000000
vn 0.000000 0.000000 1.000000
vn 0.000000 -1.000000 0.000000
vn 0.000000 -1.000000 0.000000
vn 0.000000 -1.000000 0.000000
vn 0.000000 -1.000000 0.000000
vn -1.000000 0.000000 0.000000
vn -1.000000 0.000000 0.000000
vn -1.000000 0.000000 0.000000
vn -1.000000 0.000000 0.000000
vn -0.577349 0.577349 -0.577349
vn -0.544267 0.599597 -0.586688
vn -0.301492 0.301492 -0.904508
vn -0.664541 -0.692312 0.281106
vn -0.664541 0.692312 0.281106
vn -0.301492 -0.301492 0.904508
vn -0.577349 -0.577349 0.577349
vn -0.301492 -0.301492 -0.904508
vn -0.301492 0.301492 -0.904508
vn -0.544267 0.599597 -0.586688
vn 0.000000 0.000000 1.000000
vn 0.000000 0.000000 1.000000
vn 0.000000 0.000000 1.000000
vn 0.000000 1.000000 0.000000
vn 0.000000 1.000000 0.000000
vn 0.000000 1.000000 0.000000
vn 0.000000 1.000000 0.000000
vn 0.000000 -1.000000 0.000000
vn 0.000000 -1.000000 0.000000
vn 0.000000 -1.000000 0.000000
vn 0.000000 -1.000000 0.000000
vn 0.000000 0.000000 1.000000
vn 0.000000 0.000000 1.000000
vn 0.000000 0.000000 1.000000
vn 0.000000 0.000000 1.000000
vn -1.000000 0.000000 0.000000
vn -1.000000 0.000000 0.000000
vn -1.000000 0.000000 0.000000
vn -1.000000 0.000000 0.000000
vn -0.301492 0.301492 -0.904508
vn -0.301492 -0.301492 -0.904508
vn -0.577349 -0.577349 -0.577349
vn -0.577349 0.577349 -0.577349
vn -0.118381 0.927732 0.353923
vn 0.333598 0.767174 0.547807
vn 0.333598 -0.767174 0.547807
vn -0.118381 -0.927732 0.353923
vn 0.333598 -0.767174 0.547807
vn 0.333598 0.767174 0.547807
vn -0.563433 0.429151 0.705924
vn -0.563463 -0.429151 0.705924
vn -0.681972 0.731378 0.000000
vn -0.681972 0.731378 0.000000
vn -0.681972 0.731378 0.000000
vn -0.681972 0.731378 0.000000
vn -0.681972 0.731378 0.000000
vn -0.681971 -0.731379 0.000000
vn -0.681971 -0.731379 0.000000
vn -0.681971 -0.731379 0.000000
vn -0.681971 -0.731379 0.000000
vn -0.681971 -0.731379 0.000000
vn -0.900693 -0.315653 0.298471
vn -0.900693 0.315653 0.298471
vn -0.664541 0.692312 0.281106
vn -0.664541 -0.692312 0.281106
vn -0.900693 0.315653 0.298471
vn -0.900693 -0.315653 0.298471
vn -0.563463 -0.429151 0.705924
vn -0.563433 0.429151 0.705924
vn -0.681972 -0.731378 0.000000
vn -0.681972 -0.731378 0.000000
vn -0.681972 -0.731378 0.000000
vn -0.681972 -0.731378 0.000000
vn -0.681972 -0.731378 0.000000
vn -0.563463 0.429151 -0.705924
vn -0.563433 -0.429151 -0.705924
vn -0.900693 -0.315653 -0.298471
vn -0.900693 0.315653 -0.298471
vn -0.891171 -0.327555 0.313822
vn -0.891171 0.327555 0.313822
vn -0.900693 0.315653 -0.298471
vn -0.900693 -0.315653 -0.298471
vn -0.000000 0.000000 -1.000000
vn -0.000000 0.000000 -1.000000
vn -0.000000 0.000000 -1.000000
vn -0.000000 0.000000 -1.000000
vn 0.000000 1.000000 0.000000
vn 0.000000 1.000000 0.000000
vn 0.000000 1.000000 0.000000
vn 0.000000 1.000000 0.000000
vn 0.000000 0.000000 1.000000
vn 0.000000 0.000000 1.000000
vn 0.000000 0.000000 1.000000
vn 0.000000 0.000000 1.000000
vn 0.000000 -1.000000 0.000000
vn 0.000000 -1.000000 0.000000
vn 0.000000 -1.000000 0.000000
vn 0.000000 -1.000000 0.000000
vn 0.000000 1.000000 0.000000
vn 0.000000 1.000000 0.000000
vn 0.000000 1.000000 0.000000
vn 0.000000 1.000000 0.000000
vn -0.000000 0.000000 -1.000000
vn -0.000000 0.000000 -1.000000
vn -0.000000 0.000000 -1.000000
vn -0.000000 0.000000 -1.000000
vn 0.000000 0.000000 1.000000
vn 0.000000 0.000000 1.000000
vn 0.000000 0.000000 1.000000
vn 0.000000 0.000000 1.000000
vn 0.000000 -1.000000 0.000000
vn 0.000000 -1.000000 0.000000
vn 0.000000 -1.000000 0.000000
vn 0.000000 -1.000000 0.000000
vn -0.000000 0.000000 -1.000000
vn -0.000000 0.000000 -1.000000
vn -0.000000 0.000000 -1.000000
vn -0.000000 0.000000 -1.000000
vn 0.000000 1.000000 0.000000
vn 0.000000 1.000000 0.000000
vn 0.000000 1.000000 0.000000
vn 0.000000 1.000000 0.000000
vn 0.000000 0.000000 1.000000
vn 0.000000 0.000000 1.000000
vn 0.000000 0.000000 1.000000
vn 0.000000 0.000000 1.000000
vn 0.000000 -1.000000 0.000000
vn 0.000000 -1.000000 0.000000
vn 0.000000 -1.000000 0.000000
vn 0.000000 -1.000000 0.000000
vn 0.000000 1.000000 0.000000
vn 0.000000 1.000000 0.000000
vn 0.000000 1.000000 0.000000
vn 0.000000 1.000000 0.000000
vn -0.000000 0.000000 -1.000000
vn -0.000000 0.000000 -1.000000
vn -0.000000 0.000000 -1.000000
vn -0.000000 0.000000 -1.000000
vn 0.000000 0.000000 1.000000
vn 0.000000 0.000000 1.000000
vn 0.000000 0.000000 1.000000
vn 0.000000 0.000000 1.000000
vn 0.000000 -1.000000 0.000000
vn 0.000000 -1.000000 0.000000
vn 0.000000 -1.000000 0.000000
vn 0.000000 -1.000000 0.000000
vn 0.312235 -0.632313 0.708975
vn 0.312235 -0.632313 -0.708975
vn 0.753288 -0.588610 -0.293313
vn 0.753288 -0.588610 0.293313
vn 0.312235 0.632313 -0.708975
vn 0.312235 0.632313 0.708975
vn 0.753288 0.588610 0.293313
vn 0.753288 0.588610 -0.293313
vn 0.211554 0.755608 0.619861
vn 0.211554 -0.755608 0.619861
vn 0.312235 -0.632313 0.708975
vn 0.312235 0.632313 0.708975
vn -0.357616 -0.599567 -0.715964
vn -0.357616 0.599567 -0.715964
vn 0.211554 0.755608 -0.619861
vn 0.211554 -0.755608 -0.619861
vn -0.357616 0.599567 -0.715964
vn -0.357616 0.599567 0.715964
vn 0.211554 0.755608 0.619861
vn 0.211554 0.755608 -0.619861
vn -0.357616 0.599567 0.715964
vn -0.357616 -0.599567 0.715964
vn 0.211554 -0.755608 0.619861
vn 0.211554 0.755608 0.619861
vn -0.357616 -0.599567 0.715964
vn -0.357616 -0.599567 -0.715964
vn 0.211554 -0.755608 -0.619861
vn 0.211554 -0.755608 0.619861
vn 0.211554 -0.755608 -0.619861
vn 0.211554 0.755608 -0.619861
vn 0.312235 0.632313 -0.708975
vn 0.312235 -0.632313 -0.708975
vn 0.753288 -0.588610 0.293313
vn 0.753288 0.588610 0.293313
vn 0.312235 0.632313 0.708975
vn 0.312235 -0.632313 0.708975
vn 0.753288 0.588610 -0.293313
vn 0.753288 -0.588610 -0.293313
vn 0.312235 -0.632313 -0.708975
vn 0.312235 0.632313 -0.708975
vn 0.753288 -0.588610 -0.293313
vn 0.753288 0.588610 -0.293313
vn 0.753288 0.588610 0.293313
vn 0.753288 -0.588610 0.293313
vn -0.973748 0.000000 0.227628
vn -0.973748 0.000000 0.227628
vn -0.973748 0.000000 0.227628
vn -0.973748 0.000000 0.227628
vn -0.973748 0.000000 -0.227628
vn -0.973748 0.000000 -0.227628
vn -0.973748 0.000000 -0.227628
vn -0.973748 0.000000 -0.227628
vn -0.982554 -0.185977 0.000000
vn -0.982554 -0.185977 0.000000
vn -0.982554 -0.185977 0.000000
vn -0.982554 -0.185977 0.000000
vn -0.982554 0.185977 0.000000
vn -0.982554 0.185977 0.000000
vn -0.982554 0.185977 0.000000
vn -0.982554 0.185977 0.000000
vn 0.000000 1.000000 0.000000
vn 0.000000 1.000000 0.000000
vn 0.000000 1.000000 0.000000
vn 0.000000 1.000000 0.000000
vn 0.000000 -1.000000 0.000000
vn 0.000000 -1.000000 0.000000
vn 0.000000 -1.000000 0.000000
vn 0.000000 -1.000000 0.000000
vn 0.000000 0.000000 1.000000
vn 0.000000 0.000000 1.000000
vn 0.000000 0.000000 1.000000
vn 0.000000 0.000000 1.000000
vn 0.000000 0.000000 -1.000000
vn 0.000000 0.000000 -1.000000
vn 0.000000 0.000000 -1.000000
vn 0.000000 0.000000 -1.000000
vn 0.211554 -0.755608 0.619861
vn 0.211554 -0.755608 -0.619861
vn 0.312235 -0.632313 -0.708975
vn 0.312235 -0.632313 0.708975
vn 0.211554 0.755608 -0.619861
vn 0.211554 0.755608 0.619861
vn 0.312235 0.632313 0.708975
vn 0.312235 0.632313 -0.708975
vn 0.343486 -0.695456 -0.631123
vn 0.343486 0.695456 -0.631123
vn 0.277840 0.660237 -0.697745
vn 0.277840 -0.660237 -0.697745
vn 0.000000 1.000000 0.000000
vn 0.000000 1.000000 0.000000
vn 0.000000 1.000000 0.000000
vn 0.420759 0.594287 0.685385
vn 0.420759 -0.594287 0.685385
vn 0.204321 -0.790429 0.577441
vn 0.204321 0.790429 0.577441
vn 0.420759 -0.594287 0.685385
vn 0.343486 -0.695456 -0.631123
vn 0.277840 -0.660237 -0.697745
vn 0.437117 -0.852901 0.285348
vn 0.403302 -0.866390 -0.294382
vn 0.000000 -1.000000 0.000000
vn 0.000000 -1.000000 0.000000
vn 0.000000 -1.000000 0.000000
vn 0.000000 -1.000000 0.000000
vn 0.328440 -0.676290 0.659322
vn 0.524155 -0.563402 -0.638569
vn 0.343486 -0.695456 -0.631123
vn 0.420759 -0.594287 0.685385
vn 0.328440 0.676290 0.659322
vn 0.328440 -0.676290 0.659322
vn 0.420759 -0.594287 0.685385
vn 0.420759 0.594287 0.685385
vn 0.524155 0.563402 -0.638569
vn 0.328440 0.676290 0.659322
vn 0.420759 0.594287 0.685385
vn 0.343486 0.695456 -0.631123
vn 0.524155 -0.563402 -0.638569
vn 0.524155 0.563402 -0.638569
vn 0.343486 0.695456 -0.631123
vn 0.343486 -0.695456 -0.631123
vn 0.556017 0.624897 0.548021
vn 0.556017 -0.624897 0.548021
vn 0.713584 -0.584216 0.386578
vn 0.713584 0.584216 0.386578
vn 0.713584 -0.584216 0.386578
vn 0.020997 -0.811548 0.583880
vn 0.053285 0.000000 0.998566
vn 0.529313 -0.628376 -0.569994
vn 0.529313 0.628376 -0.569994
vn 0.691153 0.590808 -0.416150
vn 0.691153 -0.590808 -0.416150
vn 0.790412 -0.612576 0.000000
vn 0.790412 -0.612576 0.000000
vn 0.790412 -0.612576 0.000000
vn 0.790412 -0.612576 0.000000
vn 0.790411 0.612577 0.000000
vn 0.790411 0.612577 0.000000
vn 0.790411 0.612577 0.000000
vn 0.790411 0.612577 0.000000
vn 0.277840 0.660237 -0.697745
vn 0.437117 0.852901 0.285348
vn 0.131169 0.757591 0.639363
vn 0.204260 0.773705 -0.599689
vn 0.437117 -0.852901 0.285348
vn 0.277840 -0.660237 -0.697745
vn 0.204260 -0.773705 -0.599689
vn 0.131169 -0.757591 0.639363
vn 0.277840 -0.660237 -0.697745
vn 0.277840 0.660237 -0.697745
vn 0.204260 0.773705 -0.599689
vn 0.204260 -0.773705 -0.599689
vn 0.437117 0.852901 0.285348
vn 0.437117 -0.852901 0.285348
vn 0.131169 -0.757591 0.639363
vn 0.131169 0.757591 0.639363
vn 0.204260 0.773705 -0.599689
vn 0.131169 0.757591 0.639363
vn 0.085330 0.676199 0.731742
vn 0.087893 0.688040 -0.720298
vn 0.131169 -0.757591 0.639363
vn 0.204260 -0.773705 -0.599689
vn 0.087893 -0.688040 -0.720298
vn 0.085330 -0.676199 0.731742
vn 0.204260 -0.773705 -0.599689
vn 0.204260 0.773705 -0.599689
vn 0.087893 0.688040 -0.720298
vn 0.087893 -0.688040 -0.720298
vn 0.131169 0.757591 0.639363
vn 0.131169 -0.757591 0.639363
vn 0.085330 -0.676199 0.731742
vn 0.085330 0.676199 0.731742
vn 0.563524 -0.701010 0.436995
vn 0.448744 -0.617084 -0.646352
vn 0.719810 -0.665700 -0.196661
vn 0.736808 -0.671438 0.078860
vn 0.691153 0.590808 -0.416150
vn 0.713584 0.584216 0.386578
vn 0.020997 0.811548 0.583880
vn -0.151433 0.726585 -0.670156
vn 0.713584 -0.584216 0.386578
vn 0.691153 -0.590808 -0.416150
vn -0.151433 -0.726585 -0.670156
vn 0.020997 -0.811548 0.583880
vn 0.691153 -0.590808 -0.416150
vn 0.691153 0.590808 -0.416150
vn -0.151433 0.726585 -0.670156
vn -0.151433 -0.726585 -0.670156
vn 0.448744 0.617084 -0.646352
vn 0.563524 0.701010 0.436995
vn 0.736808 0.671438 0.078860
vn 0.719810 0.665700 -0.196661
vn 0.053285 0.000000 0.998566
vn 0.020997 -0.811548 0.583880
vn 0.161199 -0.779168 0.605701
vn 0.260842 0.000000 0.965361
vn 0.719810 -0.665700 -0.196661
vn 0.719810 0.665700 -0.196661
vn 0.736808 0.671438 0.078860
vn 0.736808 -0.671438 0.078860
vn 0.719810 0.665700 -0.196661
vn 0.719810 -0.665700 -0.196661
vn 0.448744 -0.617084 -0.646352
vn 0.448744 0.617084 -0.646352
vn 0.448744 0.617084 -0.646352
vn 0.448744 -0.617084 -0.646352
vn -0.086459 -0.666128 -0.740776
vn -0.086459 0.666128 -0.740776
vn 0.260842 0.000000 0.965361
vn 0.161199 -0.779168 0.605701
vn 0.563524 -0.701010 0.436995
vn 0.727622 0.000000 0.685965
vn 0.727622 0.000000 0.685965
vn 0.563524 -0.701010 0.436995
vn 0.736808 -0.671438 0.078860
vn -0.151433 -0.726585 -0.670156
vn -0.151433 0.726585 -0.670156
vn -0.086459 0.666128 -0.740776
vn -0.086459 -0.666128 -0.740776
vn 0.437117 -0.852901 0.285348
vn 0.437117 0.852901 0.285348
vn 0.403302 0.866390 -0.294382
vn 0.403302 -0.866390 -0.294382
vn 0.000000 -1.000000 0.000000
vn 0.000000 -1.000000 0.000000
vn 0.000000 -1.000000 0.000000
vn 0.343486 0.695456 -0.631123
vn 0.420759 0.594287 0.685385
vn 0.403302 0.866390 -0.294382
vn 0.437117 0.852901 0.285348
vn 0.277840 0.660237 -0.697745
vn 0.104130 -0.994564 0.000000
vn 0.104130 -0.994564 0.000000
vn 0.104130 -0.994564 0.000000
vn 0.104130 -0.994564 0.000000
vn 0.403302 -0.866390 -0.294382
vn 0.403302 0.866390 -0.294382
vn 0.149083 0.746910 -0.647969
vn 0.149083 -0.746910 -0.647969
vn 0.204321 0.790429 0.577441
vn 0.204321 -0.790429 0.577441
vn 0.026276 -0.721671 0.691702
vn 0.026276 0.721671 0.691702
vn 0.000000 1.000000 0.000000
vn 0.000000 1.000000 0.000000
vn 0.000000 1.000000 0.000000
vn 0.000000 1.000000 0.000000
vn 0.011461 0.999931 -0.002705
vn 0.011461 0.999931 -0.002705
vn 0.011461 0.999931 -0.002705
vn 0.011461 0.999931 -0.002705
vn 0.104130 0.994564 0.000000
vn 0.104130 0.994564 0.000000
vn 0.104130 0.994564 0.000000
vn 0.104130 0.994564 0.000000
vn 0.026276 0.721671 0.691702
vn 0.026276 -0.721671 0.691702
vn 0.156621 -0.650410 0.743248
vn 0.156621 0.650410 0.743248
vn 0.149083 -0.746910 -0.647969
vn 0.149083 0.746910 -0.647969
vn -0.059267 0.741874 -0.667867
vn -0.059267 -0.741874 -0.667867
vn -0.386181 -0.787042 -0.481033
vn -0.386181 0.787042 -0.481033
vn -0.610614 0.731437 -0.303507
vn -0.610614 -0.731437 -0.303507
vn 0.156621 0.650410 0.743248
vn 0.156621 -0.650410 0.743248
vn 0.466689 -0.641255 0.609058
vn 0.466689 0.641255 0.609058
vn -0.059267 -0.741874 -0.667867
vn -0.059267 0.741874 -0.667867
vn -0.386181 0.787042 -0.481033
vn -0.386181 -0.787042 -0.481033
vn 0.011461 -0.999931 -0.002705
vn 0.011461 -0.999931 -0.002705
vn 0.011461 -0.999931 -0.002705
vn 0.011461 -0.999931 -0.002705
vn 0.000000 1.000000 -0.000002
vn 0.000000 1.000000 -0.000002
vn 0.000000 1.000000 -0.000002
vn 0.000000 1.000000 -0.000002
vn -0.010357 -0.999798 0.017197
vn -0.010357 -0.999798 0.017197
vn -0.010357 -0.999798 0.017197
vn -0.010357 -0.999798 0.017197
vn -0.010355 0.999798 0.017194
vn -0.010355 0.999798 0.017194
vn -0.010355 0.999798 0.017194
vn -0.010355 0.999798 0.017194
vn 0.466689 0.641255 0.609058
vn 0.466689 -0.641255 0.609058
vn 0.650990 -0.678671 0.340007
vn 0.650990 0.678671 0.340007
vn 0.006480 0.998715 0.050260
vn 0.006480 0.998715 0.050260
vn 0.006480 0.998715 0.050260
vn 0.006480 0.998715 0.050260
vn 0.650990 0.678671 0.340007
vn 0.650990 -0.678671 0.340007
vn 0.734886 -0.662954 0.142796
vn 0.734886 0.662954 0.142796
vn -0.610614 -0.731437 -0.303507
vn -0.610614 0.731437 -0.303507
vn -0.654103 0.748344 -0.109928
vn -0.654103 -0.748344 -0.109928
vn -0.000000 -1.000000 0.000002
vn -0.000000 -1.000000 0.000002
vn -0.000000 -1.000000 0.000002
vn -0.000000 -1.000000 0.000002
vn -0.569506 -0.798364 0.195471
vn -0.569506 0.798364 0.195471
vn -0.626972 0.622181 0.468795
vn -0.626972 -0.622181 0.468764
vn 0.734886 0.662954 0.142796
vn 0.734886 -0.662954 0.142796
vn 0.718955 -0.652852 -0.238441
vn 0.718955 0.652852 -0.238441
vn -0.654103 -0.748344 -0.109928
vn -0.654103 0.748344 -0.109928
vn -0.569506 0.798364 0.195471
vn -0.569506 -0.798364 0.195471
vn 0.006481 -0.998715 0.050266
vn 0.006481 -0.998715 0.050266
vn 0.006481 -0.998715 0.050266
vn 0.006481 -0.998715 0.050266
vn -0.011751 -0.998848 -0.046523
vn -0.011751 -0.998848 -0.046523
vn -0.011751 -0.998848 -0.046523
vn -0.011751 -0.998848 -0.046523
vn -0.011751 0.998848 -0.046523
vn -0.011751 0.998848 -0.046523
vn -0.011751 0.998848 -0.046523
vn -0.011751 0.998848 -0.046523
vn 0.718955 0.652852 -0.238441
vn 0.718955 -0.652852 -0.238441
vn 0.504990 -0.746971 -0.432386
vn 0.504990 0.746971 -0.432386
vn 0.000000 0.000000 -1.000000
vn 0.000000 0.000000 -1.000000
vn 0.000000 0.000000 -1.000000
vn 0.000000 0.000000 -1.000000
vn 0.000000 0.000000 -1.000000
vn 0.000000 0.000000 -1.000000
vn 0.000000 0.000000 -1.000000
vn 0.000000 0.000000 -1.000000
vn 0.000000 0.000000 1.000000
vn 0.000000 0.000000 1.000000
vn 0.000000 0.000000 1.000000
vn 0.000000 0.000000 1.000000
vn 0.000000 -1.000000 0.000000
vn 0.000000 -1.000000 0.000000
vn 0.000000 -1.000000 0.000000
vn 0.000000 -1.000000 0.000000
vn 1.000000 0.000000 0.000000
vn 1.000000 0.000000 0.000000
vn 1.000000 0.000000 0.000000
vn 1.000000 0.000000 0.000000
vn 0.000000 0.000000 1.000000
vn 0.000000 0.000000 1.000000
vn 0.000000 0.000000 1.000000
vn 0.000000 0.000000 1.000000
vn 0.000000 -1.000000 0.000000
vn 0.000000 -1.000000 0.000000
vn 0.000000 -1.000000 0.000000
vn 0.000000 -1.000000 0.000000
vn 1.000000 0.000000 0.000000
vn 1.000000 0.000000 0.000000
vn 1.000000 0.000000 0.000000
vn 1.000000 0.000000 0.000000
vn 0.087893 0.688040 -0.720298
vn 0.085330 0.676199 0.731742
vn 0.556017 0.624897 0.548021
vn 0.529313 0.628376 -0.569994
vn 0.085330 -0.676199 0.731742
vn 0.087893 -0.688040 -0.720298
vn 0.529313 -0.628376 -0.569994
vn 0.556017 -0.624897 0.548021
vn 0.087893 -0.688040 -0.720298
vn 0.087893 0.688040 -0.720298
vn 0.529313 0.628376 -0.569994
vn 0.529313 -0.628376 -0.569994
vn 0.085330 0.676199 0.731742
vn 0.085330 -0.676199 0.731742
vn 0.556017 -0.624897 0.548021
vn 0.556017 0.624897 0.548021
vn 0.020997 -0.811548 0.583880
vn -0.151433 -0.726585 -0.670156
vn -0.086459 -0.666128 -0.740776
vn 0.161199 -0.779168 0.605701
vn 0.161199 -0.779168 0.605701
vn -0.086459 -0.666128 -0.740776
vn 0.448744 -0.617084 -0.646352
vn 0.563524 -0.701010 0.436995
vn -0.151433 0.726585 -0.670156
vn 0.020997 0.811548 0.583880
vn 0.161199 0.779168 0.605701
vn -0.086459 0.666128 -0.740776
vn -0.086459 0.666128 -0.740776
vn 0.161199 0.779168 0.605701
vn 0.563524 0.701010 0.436995
vn 0.448744 0.617084 -0.646352
vn 0.161199 0.779168 0.605701
vn 0.260842 0.000000 0.965361
vn 0.727622 0.000000 0.685965
vn 0.563524 0.701010 0.436995
vn 0.020997 0.811548 0.583880
vn 0.053285 0.000000 0.998566
vn 0.260842 0.000000 0.965361
vn 0.161199 0.779168 0.605701
vn 0.020997 0.811548 0.583880
vn 0.713584 0.584216 0.386578
vn 0.053285 0.000000 0.998566
vn 0.713584 0.584216 0.386578
vn 0.713584 -0.584216 0.386578
vn 0.053285 0.000000 0.998566
vn 0.727622 0.000000 0.685965
vn 0.736808 -0.671438 0.078860
vn 0.736808 0.671438 0.078860
vn 0.563524 0.701010 0.436995
vn 0.727622 0.000000 0.685965
vn 0.736808 0.671438 0.078860
vn 0.000000 -1.000000 0.000000
vn 0.000000 -1.000000 0.000000
vn 0.000000 -1.000000 0.000000
vn 0.000000 -1.000000 0.000000
vn -0.024932 0.999689 -0.000000
vn -0.024932 0.999689 -0.000000
vn -0.024932 0.999689 -0.000000
vn -0.024932 0.999689 -0.000000
vn -0.856447 -0.516235 0.000000
vn -0.856447 -0.516235 0.000000
vn -0.856447 -0.516235 0.000000
vn -0.856447 -0.516235 0.000000
vn -0.211930 0.977285 0.000000
vn -0.211930 0.977285 0.000000
vn -0.211930 0.977285 0.000000
vn -0.211930 0.977285 0.000000
vn -0.127356 -0.991857 0.000000
vn -0.127356 -0.991857 0.000000
vn -0.127356 -0.991857 0.000000
vn -0.127356 -0.991857 0.000000
vn 0.000000 0.004145 0.999991
vn 0.000000 0.004145 0.999991
vn 0.000000 0.004145 0.999991
vn 0.000000 0.004145 0.999991
vn 0.000000 0.004161 -0.999991
vn 0.000000 0.004161 -0.999991
vn 0.000000 0.004161 -0.999991
vn 0.000000 0.004161 -0.999991
vn 0.000000 -0.575701 0.817652
vn 0.407056 -0.407056 0.817652
vn 0.538133 -0.538133 0.648671
vn 0.000000 -0.761040 0.648671
vn 0.000000 -0.575701 0.817652
vn -0.407086 -0.407056 0.817652
vn 0.548967 0.548967 0.630238
vn 0.000000 0.776360 0.630238
vn -0.407086 -0.407056 0.817652
vn -0.575701 0.000000 0.817652
vn 0.776360 0.000000 0.630238
vn 0.548967 0.548967 0.630238
vn -0.575701 0.000000 0.817652
vn -0.407056 0.407056 0.817652
vn 0.548967 -0.548967 0.630238
vn 0.776360 0.000000 0.630238
vn -0.407056 0.407056 0.817652
vn 0.000000 0.575701 0.817652
vn 0.000000 -0.776360 0.630238
vn 0.548967 -0.548967 0.630238
vn 0.000000 0.575701 0.817652
vn 0.407086 0.407056 0.817652
vn -0.548967 -0.548967 0.630238
vn 0.000000 -0.776360 0.630238
vn 0.407086 0.407056 0.817652
vn 0.575701 0.000000 0.817652
vn -0.776360 0.000000 0.630238
vn -0.548967 -0.548967 0.630238
vn 0.575701 0.000000 0.817652
vn 0.407056 -0.407056 0.817652
vn -0.548967 0.548967 0.630238
vn -0.776360 0.000000 0.630238
vn 0.407056 -0.407056 0.817652
vn 0.000000 -0.575701 0.817652
vn 0.000000 0.776360 0.630238
vn -0.548967 0.548967 0.630238
vn -0.538133 -0.538133 0.648671
vn 0.000000 -0.761040 0.648671
vn 0.538133 -0.538133 0.648671
vn 0.761040 0.000000 0.648671
vn 0.538133 0.538133 0.648671
vn 0.000000 0.761040 0.648671
vn -0.538133 0.538133 0.648671
vn -0.761040 0.000000 0.648671
vn 0.575701 0.000000 0.817652
vn 0.407086 0.407056 0.817652
vn 0.538133 0.538133 0.648671
vn 0.761040 0.000000 0.648671
vn 0.000000 0.575701 0.817652
vn -0.407056 0.407056 0.817652
vn -0.538133 0.538133 0.648671
vn 0.000000 0.761040 0.648671
vn -0.575701 0.000000 0.817652
vn -0.407086 -0.407056 0.817652
vn -0.538133 -0.538133 0.648671
vn -0.761040 0.000000 0.648671
vn 0.407056 -0.407056 0.817652
vn 0.575701 0.000000 0.817652
vn 0.761040 0.000000 0.648671
vn 0.538133 -0.538133 0.648671
vn 0.407086 0.407056 0.817652
vn 0.000000 0.575701 0.817652
vn 0.000000 0.761040 0.648671
vn 0.538133 0.538133 0.648671
vn -0.407056 0.407056 0.817652
vn -0.575701 0.000000 0.817652
vn -0.761040 0.000000 0.648671
vn -0.538133 0.538133 0.648671
vn -0.407086 -0.407056 0.817652
vn 0.000000 -0.575701 0.817652
vn 0.000000 -0.761040 0.648671
vn -0.538133 -0.538133 0.648671
vn 0.000000 0.000000 1.000000
vn 0.000000 0.000000 1.000000
vn 0.000000 0.000000 1.000000
vn 0.000000 0.000000 1.000000
vn -0.041796 -0.050045 -0.997872
vn -0.041796 -0.050045 -0.997872
vn -0.041796 -0.050045 -0.997872
vn -0.041796 -0.050045 -0.997872
vn -0.010319 -0.003666 -0.999940
vn -0.010319 -0.003666 -0.999940
vn -0.010319 -0.003666 -0.999940
vn -0.010319 -0.003666 -0.999940
vn -0.043611 0.052133 -0.997687
vn -0.043611 0.052133 -0.997687
vn -0.043611 0.052133 -0.997687
vn -0.043611 0.052133 -0.997687
vn -0.008300 0.002818 -0.999962
vn -0.008300 0.002818 -0.999962
vn -0.008300 0.002818 -0.999962
vn -0.008300 0.002818 -0.999962
vn -0.000002 0.000000 1.000000
vn -0.000002 0.000000 1.000000
vn -0.000002 0.000000 1.000000
vn -0.000002 0.000000 1.000000
vn 0.000000 0.000000 1.000000
vn 0.000000 0.000000 1.000000
vn 0.000000 0.000000 1.000000
vn 0.000000 0.000000 1.000000
vn 0.000000 0.000000 1.000000
vn 0.000000 0.000000 1.000000
vn 0.000000 0.000000 1.000000
vn 0.000000 0.000000 1.000000
vn 0.130448 -0.991455 0.000000
vn 0.130448 -0.991455 0.000000
vn 0.130448 -0.991455 0.000000
vn 0.130448 -0.991455 0.000000
vn 0.986357 0.164623 0.000000
vn 0.986357 0.164623 0.000000
vn 0.986357 0.164623 0.000000
vn 0.986357 0.164623 0.000000
vn 0.000000 1.000000 0.000000
vn 0.000000 1.000000 0.000000
vn 0.000000 1.000000 0.000000
vn 0.000000 1.000000 0.000000
vn -0.975376 0.220551 0.000000
vn -0.975376 0.220551 0.000000
vn -0.975376 0.220551 0.000000
vn -0.975376 0.220551 0.000000
vn 0.985059 -0.172219 0.000000
vn 0.985059 -0.172219 0.000000
vn 0.985059 -0.172219 0.000000
vn 0.985059 -0.172219 0.000000
vn 0.000000 0.000000 1.000000
vn 0.000000 0.000000 1.000000
vn 0.000000 0.000000 1.000000
vn 0.000000 0.000000 1.000000
vn -0.010517 0.003733 -0.999938
vn -0.010517 0.003733 -0.999938
vn -0.010517 0.003733 -0.999938
vn -0.010517 0.003733 -0.999938
vn 0.000000 -0.004686 -0.999989
vn 0.000000 -0.004686 -0.999989
vn 0.000000 -0.004686 -0.999989
vn 0.000000 -0.004686 -0.999989
vn 0.000000 -0.004686 0.999989
vn 0.000000 -0.004686 0.999989
vn 0.000000 -0.004686 0.999989
vn 0.000000 -0.004686 0.999989
vn -0.831504 0.555519 0.000000
vn -0.831504 0.555519 0.000000
vn -0.831504 0.555519 0.000000
vn -0.831504 0.555519 0.000000
vn -0.975623 -0.219453 -0.000000
vn -0.975623 -0.219453 -0.000000
vn -0.975623 -0.219453 -0.000000
vn -0.975623 -0.219453 -0.000000
vn 0.000000 0.000000 1.000000
vn 0.000000 0.000000 1.000000
vn 0.000000 0.000000 1.000000
vn 0.000000 0.000000 1.000000
vn -0.008272 -0.002802 -0.999962
vn -0.008272 -0.002802 -0.999962
vn -0.008272 -0.002802 -0.999962
vn -0.008272 -0.002802 -0.999962
vn -0.693869 0.432051 -0.576067
vn -0.733024 0.000000 -0.680166
vn -0.733024 0.000000 0.680166
vn -0.693869 0.432051 0.576067
vn -0.733024 0.000000 0.680166
vn -0.733024 0.000000 -0.680166
vn -0.693869 -0.432051 -0.576067
vn -0.693869 -0.432051 0.576067
vn -0.392895 0.793878 0.464034
vn -0.392895 0.793878 -0.464034
vn -0.693869 0.432051 -0.576067
vn -0.693869 0.432051 0.576067
vn -0.392895 -0.793878 0.464034
vn -0.436995 0.000000 0.899441
vn -0.733024 0.000000 0.680166
vn -0.693869 -0.432051 0.576067
vn -0.436995 0.000000 -0.899441
vn -0.392895 -0.793878 -0.464034
vn -0.693869 -0.432051 -0.576067
vn -0.733024 0.000000 -0.680166
vn -0.436995 0.000000 0.899441
vn -0.392895 0.793878 0.464034
vn -0.693869 0.432051 0.576067
vn -0.733024 0.000000 0.680166
vn -0.338022 0.058897 -0.939294
vn -0.338022 0.058897 -0.939294
vn -0.338022 0.058897 -0.939294
vn -0.338022 0.058897 -0.939294
vn -0.338022 0.058897 -0.939294
vn -0.447544 -0.115956 0.886712
vn -0.447544 -0.115956 0.886712
vn -0.447544 -0.115956 0.886712
vn -0.447544 -0.115956 0.886712
vn -0.447544 -0.115956 0.886712
vn -0.081032 0.060243 -0.994889
vn -0.081032 0.060243 -0.994889
vn -0.081032 0.060243 -0.994889
vn -0.081032 0.060243 -0.994889
vn -0.082993 -0.055770 0.994988
vn -0.082993 -0.055770 0.994988
vn -0.082993 -0.055770 0.994988
vn -0.082993 -0.055770 0.994988
vn -0.081174 0.045187 -0.995675
vn -0.081174 0.045187 -0.995675
vn -0.081174 0.045187 -0.995675
vn -0.081174 0.045187 -0.995675
vn -0.083150 -0.013627 0.996444
vn -0.083150 -0.013627 0.996444
vn -0.083150 -0.013627 0.996444
vn -0.083150 -0.013627 0.996444
vn -0.083099 0.018571 0.996368
vn -0.083099 0.018571 0.996368
vn -0.083099 0.018571 0.996368
vn -0.083099 0.018571 0.996368
vn -0.076227 -0.041576 -0.996223
vn -0.076227 -0.041576 -0.996223
vn -0.076227 -0.041576 -0.996223
vn -0.076227 -0.041576 -0.996223
vn -0.347280 -0.067962 -0.935296
vn -0.347280 -0.067962 -0.935296
vn -0.347280 -0.067962 -0.935296
vn -0.347280 -0.067962 -0.935296
vn -0.347280 -0.067962 -0.935296
vn -0.440001 0.105847 0.891737
vn -0.440001 0.105847 0.891737
vn -0.440001 0.105847 0.891737
vn -0.440001 0.105847 0.891737
vn -0.440001 0.105847 0.891737
vn -0.082987 -0.055770 -0.994989
vn -0.082987 -0.055770 -0.994989
vn -0.082987 -0.055770 -0.994989
vn -0.082987 -0.055770 -0.994989
vn -0.081039 0.060243 0.994889
vn -0.081039 0.060243 0.994889
vn -0.081039 0.060243 0.994889
vn -0.081039 0.060243 0.994889
vn 0.000000 1.000000 0.000000
vn 0.000000 1.000000 0.000000
vn 0.000000 1.000000 0.000000
vn 0.000000 1.000000 0.000000
vn -0.774355 0.632752 -0.000000
vn -0.774355 0.632752 -0.000000
vn -0.774355 0.632752 -0.000000
vn -0.774355 0.632752 -0.000000
vn -0.775465 -0.631391 0.000000
vn -0.775465 -0.631391 0.000000
vn -0.775465 -0.631391 0.000000
vn -0.775465 -0.631391 0.000000
vn 0.000000 -1.000000 0.000000
vn 0.000000 -1.000000 0.000000
vn 0.000000 -1.000000 0.000000
vn 0.000000 -1.000000 0.000000
vn -0.911291 -0.411763 0.000000
vn -0.911291 -0.411763 0.000000
vn -0.911291 -0.411763 0.000000
vn -0.911291 -0.411763 0.000000
vn 0.127437 0.991847 0.000000
vn 0.127437 0.991847 0.000000
vn 0.127437 0.991847 0.000000
vn 0.127437 0.991847 0.000000
vn 0.855949 0.517060 0.000000
vn 0.855949 0.517060 0.000000
vn 0.855949 0.517060 0.000000
vn 0.855949 0.517060 0.000000
vn 0.830938 -0.556365 0.000000
vn 0.830938 -0.556365 0.000000
vn 0.830938 -0.556365 0.000000
vn 0.830938 -0.556365 0.000000
vn 0.212099 -0.977248 -0.000000
vn 0.212099 -0.977248 -0.000000
vn 0.212099 -0.977248 -0.000000
vn 0.212099 -0.977248 -0.000000
vn -0.916509 0.400015 0.000000
vn -0.916509 0.400015 0.000000
vn -0.916509 0.400015 0.000000
vn -0.916509 0.400015 0.000000
vn -0.190893 -0.840754 -0.506638
vn -0.190893 0.840754 -0.506638
vn 0.629261 0.553606 -0.545427
vn 0.629261 -0.553606 -0.545427
vn 0.021088 0.999603 0.018525
vn 0.000732 0.706229 0.707938
vn -0.193548 0.784448 0.589190
vn 0.471419 0.879360 -0.066775
vn 0.000732 0.706229 0.707938
vn 0.000732 -0.706229 0.707938
vn -0.193548 -0.784448 0.589190
vn -0.193548 0.784448 0.589190
vn 0.021088 -0.999603 0.018525
vn -0.190893 -0.840754 -0.506638
vn 0.629261 -0.553606 -0.545427
vn 0.471419 -0.879360 -0.066775
vn 0.471419 -0.879360 -0.066775
vn 0.471419 0.879360 -0.066775
vn 0.540635 0.681173 -0.493637
vn 0.540635 -0.681173 -0.493637
vn 0.629261 -0.553606 -0.545427
vn 0.629261 0.553606 -0.545427
vn 0.471419 0.879360 -0.066775
vn 0.471419 -0.879360 -0.066775
vn 0.000732 -0.706229 0.707938
vn 0.021088 -0.999603 0.018525
vn 0.471419 -0.879360 -0.066775
vn -0.193548 -0.784448 0.589190
vn -0.190893 0.840754 -0.506638
vn 0.021088 0.999603 0.018525
vn 0.471419 0.879360 -0.066775
vn 0.629261 0.553606 -0.545427
vn 0.540635 0.681173 -0.493637
vn -0.394879 0.708548 0.584796
vn 0.061037 0.563738 0.823664
vn 0.827509 0.553331 0.095035
vn 0.471419 0.879360 -0.066775
vn -0.193548 0.784448 0.589190
vn -0.394879 0.708548 0.584796
vn 0.540635 0.681173 -0.493637
vn -0.193548 -0.784448 0.589190
vn 0.471419 -0.879360 -0.066775
vn 0.540635 -0.681173 -0.493637
vn -0.394879 -0.708548 0.584796
vn -0.193548 0.784448 0.589190
vn -0.193548 -0.784448 0.589190
vn -0.394879 -0.708548 0.584796
vn -0.394879 0.708548 0.584796
vn 0.827479 -0.553331 0.095004
vn 0.827509 0.553331 0.095035
vn 0.061037 0.563738 0.823664
vn 0.061037 -0.563738 0.823664
vn -0.394879 0.708548 0.584796
vn -0.394879 -0.708548 0.584796
vn 0.061037 -0.563738 0.823664
vn 0.061037 0.563738 0.823664
vn 0.540635 -0.681173 -0.493637
vn 0.540635 0.681173 -0.493637
vn 0.827509 0.553331 0.095035
vn 0.827479 -0.553331 0.095004
vn -0.394879 -0.708548 0.584796
vn 0.540635 -0.681173 -0.493637
vn 0.827479 -0.553331 0.095004
vn 0.061037 -0.563738 0.823664
usemtl RPG7
f 336/1/1 337/2/2 11/3/3 9/4/4
f 57/5/5 64/6/6 56/7/7 49/8/8
f 335/9/9 336/10/10 9/11/11 7/12/12
f 79/13/13 116/14/14 119/15/15 120/16/16
f 106/17/17 117/18/18 97/19/19 98/20/20
f 108/21/21 107/22/22 99/23/23 100/24/24
f 110/25/25 109/26/26 101/27/27 102/28/28
f 91/29/29 90/30/30 82/31/31 83/32/32
f 36/33/33 35/34/34 27/35/35 28/36/36
f 334/37/37 5/38/38 3/39/39 332/40/40
f 35/41/41 34/42/42 26/43/43 27/44/44
f 31/45/45 32/46/46 40/47/47 39/48/48
f 46/49/49 45/50/50 37/51/51 38/52/52
f 73/53/53 80/54/54 72/55/55 65/56/56
f 42/57/57 41/58/58 33/59/59 34/60/60
f 333/61/61 1/62/62 15/63/63 339/64/64
f 32/65/65 31/66/66 23/67/67 24/68/68
f 107/69/69 106/70/70 98/71/71 99/72/72
f 81/73/73 82/74/74 90/75/75 89/76/76
f 95/77/77 96/78/78 104/79/79 103/80/80
f 98/81/81 97/82/82 89/83/83 90/84/84
f 48/85/85 47/86/86 39/87/87 40/88/88
f 86/89/89 85/90/90 77/91/91 78/92/92
f 87/93/93 88/94/94 96/95/95 95/96/96
f 62/97/97 58/98/98 69/99/99 68/100/100
f 91/101/101 99/102/102 98/103/103 90/104/104
f 64/105/105 59/106/106 55/107/107 56/108/108
f 48/109/109 56/110/110 55/111/111 47/112/112
f 11/113/113 22/114/114 21/115/115 9/116/116
f 42/117/117 43/118/118 51/119/119 50/120/120
f 27/121/121 26/122/122 18/123/123 19/124/124
f 41/125/125 42/126/126 50/127/127 49/128/128
f 45/129/129 44/130/130 36/131/131 37/132/132
f 46/133/133 47/134/134 55/135/135 54/136/136
f 101/137/137 100/138/138 92/139/139 93/140/140
f 111/141/141 110/142/142 102/143/143 103/144/144
f 95/145/145 103/146/146 102/147/147 94/148/148
f 80/149/149 114/150/150 113/151/151 72/152/152
f 338/153/153 339/154/154 15/155/155 13/156/156
f 11/157/157 337/158/158 338/159/159 13/160/160
f 94/161/161 93/162/162 85/163/163 86/164/164
f 61/165/165 62/166/166 68/167/167 67/168/168
f 59/169/169 63/170/170 54/171/171 55/172/172
f 114/173/173 79/174/174 120/175/175 122/176/176
f 31/177/177 39/178/178 38/179/179 30/180/180
f 85/181/181 84/182/182 76/183/183 77/184/184
f 25/185/185 32/186/186 24/187/187 17/188/188
f 76/189/189 75/190/190 67/191/191 68/192/192
f 29/193/193 30/194/194 38/195/195 37/196/196
f 30/197/197 29/198/198 21/199/199 22/200/200
f 80/201/201 73/202/202 81/203/203 88/204/204
f 65/205/205 72/206/206 64/207/207 57/208/208
f 116/209/209 78/210/210 70/211/211 115/212/212
f 29/213/213 28/214/214 20/215/215 21/216/216
f 93/217/217 92/218/218 84/219/219 85/220/220
f 74/221/221 73/222/222 65/223/223 66/224/224
f 13/225/225 15/226/226 24/227/227 23/228/228
f 37/229/229 36/230/230 28/231/231 29/232/232
f 59/233/233 115/234/234 63/235/235
f 41/236/236 48/237/237 40/238/238 33/239/239
f 335/240/240 7/241/241 5/242/242 334/243/243
f 64/244/244 113/245/245 59/246/246
f 62/247/247 61/248/248 51/249/249 52/250/250
f 54/251/251 53/252/252 45/253/253 46/254/254
f 23/255/255 22/256/256 11/257/257 13/258/258
f 114/259/259 80/260/260 88/261/261
f 89/262/262 96/263/263 88/264/264 81/265/265
f 34/266/266 33/267/267 25/268/268 26/269/269
f 89/270/270 97/271/271 104/272/272 96/273/273
f 109/274/274 117/275/275 106/276/276 108/277/277
f 95/278/278 94/279/279 86/280/280 87/281/281
f 28/282/282 27/283/283 19/284/284 20/285/285
f 49/286/286 56/287/287 48/288/288 41/289/289
f 5/290/290 7/291/291 20/292/292 19/293/293
f 75/294/294 74/295/295 66/296/296 67/297/297
f 332/298/298 3/299/299 1/300/300 333/301/301
f 78/302/302 77/303/303 69/304/304 70/305/305
f 116/306/306 87/307/307 86/308/308
f 47/309/309 46/310/310 38/311/311 39/312/312
f 43/313/313 42/314/314 34/315/315 35/316/316
f 1/317/317 3/318/318 18/319/319 17/320/320
f 53/321/321 54/322/322 63/323/323 58/324/324
f 53/325/325 52/326/326 44/327/327 45/328/328
f 58/329/329 62/330/330 52/331/331 53/332/332
f 49/333/333 50/334/334 60/335/335 57/336/336
f 92/337/337 91/338/338 83/339/339 84/340/340
f 23/341/341 31/342/342 30/343/343 22/344/344
f 52/345/345 51/346/346 43/347/347 44/348/348
f 63/349/349 70/350/350 69/351/351 58/352/352
f 117/353/353 112/354/354 104/355/355 97/356/356
f 74/357/357 75/358/358 83/359/359 82/360/360
f 9/361/361 21/362/362 20/363/363 7/364/364
f 76/365/365 84/366/366 83/367/367 75/368/368
f 15/369/369 1/370/370 17/371/371 24/372/372
f 26/373/373 25/374/374 17/375/375 18/376/376
f 112/377/377 111/378/378 103/379/379 104/380/380
f 94/381/381 102/382/382 101/383/383 93/384/384
f 82/385/385 81/386/386 73/387/387 74/388/388
f 66/389/389 65/390/390 57/391/391 60/392/392
f 112/393/393 117/394/394 109/395/395 110/396/396
f 91/397/397 92/398/398 100/399/399 99/400/400
f 5/401/401 19/402/402 18/403/403 3/404/404
f 44/405/405 43/406/406 35/407/407 36/408/408
f 77/409/409 76/410/410 68/411/411 69/412/412
f 109/413/413 108/414/414 100/415/415 101/416/416
f 114/417/417 87/418/418 79/419/419
f 78/420/420 116/421/421 86/422/422
f 116/423/423 115/424/424 105/425/425 119/426/426
f 70/427/427 63/428/428 115/429/429
f 59/430/430 71/431/431 115/432/432
f 71/433/433 113/434/434 121/435/435 118/436/436
f 71/437/437 59/438/438 113/439/439
f 64/440/440 72/441/441 113/442/442
f 61/443/443 60/444/444 50/445/445 51/446/446
f 116/447/447 79/448/448 87/449/449
f 113/450/450 114/451/451 122/452/452 121/453/453
f 115/454/454 71/455/455 118/456/456 105/457/457
f 122/458/458 120/459/459 369/460/460 367/461/461
f 61/462/462 67/463/463 66/464/464 60/465/465
f 106/466/466 107/467/467 108/468/468
f 110/469/469 111/470/470 112/471/471
f 33/472/472 40/473/473 32/474/474 25/475/475
f 114/476/476 88/477/477 87/478/478
f 119/479/479 105/480/480 370/481/481 371/482/482
f 160/483/483 128/484/484 144/485/485 163/486/486 164/487/487
f 139/488/488 142/489/489 125/490/490 126/491/491
f 132/492/492 138/493/493 124/494/494 123/495/495
f 135/496/496 129/497/497 130/498/498 131/499/499
f 143/500/500 137/501/501 138/502/502 132/503/503
f 140/504/504 141/505/505 142/506/506 139/507/507
f 131/508/508 133/509/509 134/510/510 135/511/511
f 133/512/512 131/513/513 126/514/514 124/515/515
f 135/516/516 134/517/517 123/518/518 125/519/519
f 127/520/520 143/521/521 132/522/522
f 128/523/523 138/524/524 137/525/525
f 130/526/526 140/527/527 139/528/528
f 129/529/529 142/530/530 141/531/531
f 129/532/532 135/533/533 125/534/534 142/535/535
f 157/536/536 166/537/537 167/538/538 159/539/539
f 134/540/540 127/541/541 132/542/542 123/543/543
f 128/544/544 133/545/545 124/546/546 138/547/547
f 131/548/548 130/549/549 139/550/550 126/551/551
f 159/552/552 130/553/553 129/554/554 157/555/555
f 133/556/556 128/557/557 127/558/558 134/559/559
f 144/560/560 137/561/561 148/562/562 146/563/563
f 143/564/564 127/565/565 136/566/566
f 137/567/567 144/568/568 128/569/569
f 149/570/570 150/571/571 147/572/572 145/573/573
f 137/574/574 143/575/575 147/576/576 150/577/577
f 144/578/578 146/579/579 152/580/580
f 143/581/581 136/582/582 145/583/583 147/584/584
f 146/585/585 148/586/586 151/587/587 152/588/588
f 148/589/589 137/590/590 151/591/591
f 136/592/592 144/593/593 149/594/594 145/595/595
f 150/596/596 151/597/597 137/598/598
f 152/599/599 149/600/600 144/601/601
f 152/602/602 151/603/603 155/604/604 156/605/605
f 150/606/606 149/607/607 153/608/608 154/609/609
f 149/610/610 152/611/611 156/612/612 153/613/613
f 153/614/614 156/615/615 155/616/616 154/617/617
f 151/618/618 150/619/619 154/620/620 155/621/621
f 128/622/622 160/623/623 158/624/624 127/625/625
f 158/626/626 160/627/627 164/628/628 161/629/629
f 130/630/630 159/631/631 167/632/632 168/633/633 140/634/634
f 157/635/635 129/636/636 141/637/637 165/638/638 166/639/639
f 162/640/640 163/641/641 144/642/642 136/643/643
f 163/644/644 162/645/645 161/646/646 164/647/647
f 127/648/648 158/649/649 161/650/650 162/651/651 136/652/652
f 167/653/653 166/654/654 165/655/655 168/656/656
f 141/657/657 140/658/658 168/659/659 165/660/660
f 170/661/661 172/662/662 171/663/663 169/664/664
f 172/665/665 176/666/666 175/667/667 171/668/668
f 176/669/669 174/670/670 173/671/671 175/672/672
f 174/673/673 170/674/674 169/675/675 173/676/676
f 180/677/677 184/678/678 183/679/679 179/680/680
f 178/681/681 180/682/682 179/683/683 177/684/684
f 184/685/685 182/686/686 181/687/687 183/688/688
f 182/689/689 178/690/690 177/691/691 181/692/692
f 186/693/693 188/694/694 187/695/695 185/696/696
f 188/697/697 192/698/698 191/699/699 187/700/700
f 192/701/701 190/702/702 189/703/703 191/704/704
f 190/705/705 186/706/706 185/707/707 189/708/708
f 196/709/709 200/710/710 199/711/711 195/712/712
f 194/713/713 196/714/714 195/715/715 193/716/716
f 200/717/717 198/718/718 197/719/719 199/720/720
f 198/721/721 194/722/722 193/723/723 197/724/724
f 207/725/725 209/726/726 210/727/727 206/728/728
f 219/729/729 208/730/730 218/731/731 220/732/732
f 217/733/733 205/734/734 207/735/735 208/736/736
f 215/737/737 213/738/738 216/739/739 214/740/740
f 213/741/741 212/742/742 217/743/743 216/744/744
f 212/745/745 201/746/746 205/747/747 217/748/748
f 201/749/749 215/750/750 214/751/751 205/752/752
f 214/753/753 216/754/754 219/755/755 209/756/756
f 206/757/757 218/758/758 208/759/759 207/760/760
f 220/761/761 210/762/762 209/763/763 219/764/764
f 210/765/765 220/766/766 218/767/767 206/768/768
f 201/769/769 212/770/770 223/771/771 224/772/772
f 215/773/773 222/774/774 221/775/775 213/776/776
f 224/777/777 222/778/778 215/779/779 201/780/780
f 212/781/781 213/782/782 221/783/783 223/784/784
f 223/785/785 221/786/786 211/787/787 203/788/788
f 222/789/789 224/790/790 202/791/791 204/792/792
f 224/793/793 223/794/794 203/795/795 202/796/796
f 221/797/797 222/798/798 204/799/799 211/800/800
f 205/801/801 214/802/802 209/803/803 207/804/804
f 216/805/805 217/806/806 208/807/807 219/808/808
f 233/809/809 234/810/810 227/811/811 225/812/812
f 235/813/813 231/814/814 268/815/815
f 235/816/816 236/817/817 229/818/818 231/819/819
f 236/820/820 233/821/821 225/822/822 238/823/823 267/824/824
f 229/825/825 267/826/826 271/827/827 269/828/828
f 230/829/829 226/830/830 233/831/831 236/832/832
f 232/833/833 230/834/834 236/835/835 235/836/836
f 228/837/837 232/838/838 235/839/839 234/840/840
f 226/841/841 228/842/842 234/843/843 233/844/844
f 315/845/845 313/846/846 242/847/847 241/848/848
f 242/849/849 254/850/850 317/851/851
f 316/852/852 314/853/853 239/854/854 240/855/855
f 313/856/856 316/857/857 240/858/858 242/859/859
f 314/860/860 315/861/861 241/862/862 239/863/863
f 227/864/864 237/865/865 244/866/866 245/867/867
f 238/868/868 225/869/869 246/870/870 243/871/871
f 225/872/872 227/873/873 245/874/874 246/875/875
f 237/876/876 238/877/877 243/878/878 244/879/879
f 245/880/880 244/881/881 249/882/882 248/883/883
f 243/884/884 246/885/885 250/886/886 247/887/887
f 246/888/888 245/889/889 248/890/890 250/891/891
f 244/892/892 243/893/893 247/894/894 249/895/895
f 266/896/896 260/897/897 259/898/898 264/899/899
f 239/900/900 241/901/901 253/902/902 251/903/903
f 242/904/904 240/905/905 252/906/906 254/907/907
f 240/908/908 239/909/909 251/910/910 252/911/911
f 257/912/912 263/913/913 262/914/914 255/915/915
f 317/916/916 254/917/917 265/918/918 318/919/919
f 259/920/920 255/921/921 262/922/922 264/923/923
f 255/924/924 259/925/925 260/926/926 257/927/927
f 257/928/928 260/929/929 258/930/930 256/931/931
f 318/932/932 265/933/933 266/934/934 319/935/935
f 319/936/936 266/937/937 264/938/938
f 252/939/939 251/940/940 256/941/941 258/942/942
f 238/943/943 237/944/944 268/945/945 267/946/946
f 229/947/947 236/948/948 267/949/949
f 234/950/950 235/951/951 268/952/952 237/953/953 227/954/954
f 269/955/955 271/956/956 275/957/957 273/958/958
f 267/959/959 268/960/960 272/961/961 271/962/962
f 231/963/963 229/964/964 269/965/965 270/966/966
f 268/967/967 231/968/968 270/969/969 272/970/970
f 276/971/971 274/972/972 278/973/973 280/974/974
f 272/975/975 270/976/976 274/977/977 276/978/978
f 270/979/979 269/980/980 273/981/981 274/982/982
f 271/983/983 272/984/984 276/985/985 275/986/986
f 279/987/987 280/988/988 284/989/989 283/990/990
f 274/991/991 273/992/992 277/993/993 278/994/994
f 275/995/995 276/996/996 280/997/997 279/998/998
f 273/999/999 275/1000/1000 279/1001/1001 277/1002/1002
f 284/1003/1003 282/1004/1004 286/1005/1005 288/1006/1006
f 277/1007/1007 279/1008/1008 283/1009/1009 281/1010/1010
f 280/1011/1011 278/1012/1012 282/1013/1013 284/1014/1014
f 278/1015/1015 277/1016/1016 281/1017/1017 282/1018/1018
f 288/1019/1019 286/1020/1020 290/1021/1021 292/1022/1022
f 282/1023/1023 281/1024/1024 285/1025/1025 286/1026/1026
f 283/1027/1027 284/1028/1028 288/1029/1029 287/1030/1030
f 281/1031/1031 283/1032/1032 287/1033/1033 285/1034/1034
f 291/1035/1035 292/1036/1036 296/1037/1037 295/1038/1038
f 286/1039/1039 285/1040/1040 289/1041/1041 290/1042/1042
f 287/1043/1043 288/1044/1044 292/1045/1045 291/1046/1046
f 285/1047/1047 287/1048/1048 291/1049/1049 289/1050/1050
f 289/1051/1051 291/1052/1052 295/1053/1053 293/1054/1054
f 292/1055/1055 290/1056/1056 294/1057/1057 296/1058/1058
f 290/1059/1059 289/1060/1060 293/1061/1061 294/1062/1062
f 298/1063/1063 300/1064/1064 299/1065/1065 297/1066/1066
f 306/1067/1067 308/1068/1068 307/1069/1069 305/1070/1070
f 304/1071/1071 302/1072/1072 301/1073/1073 303/1074/1074
f 302/1075/1075 298/1076/1076 297/1077/1077 301/1078/1078
f 297/1079/1079 299/1080/1080 303/1081/1081 301/1082/1082
f 312/1083/1083 310/1084/1084 309/1085/1085 311/1086/1086
f 310/1087/1087 306/1088/1088 305/1089/1089 309/1090/1090
f 305/1091/1091 307/1092/1092 311/1093/1093 309/1094/1094
f 248/1095/1095 249/1096/1096 315/1097/1097 314/1098/1098
f 247/1099/1099 250/1100/1100 316/1101/1101 313/1102/1102
f 250/1103/1103 248/1104/1104 314/1105/1105 316/1106/1106
f 249/1107/1107 247/1108/1108 313/1109/1109 315/1110/1110
f 254/1111/1111 252/1112/1112 258/1113/1113 265/1114/1114
f 265/1115/1115 258/1116/1116 260/1117/1117 266/1118/1118
f 251/1119/1119 253/1120/1120 261/1121/1121 256/1122/1122
f 256/1123/1123 261/1124/1124 263/1125/1125 257/1126/1126
f 261/1127/1127 318/1128/1128 319/1129/1129 263/1130/1130
f 253/1131/1131 317/1132/1132 318/1133/1133 261/1134/1134
f 253/1135/1135 241/1136/1136 317/1137/1137
f 241/1138/1138 242/1139/1139 317/1140/1140
f 319/1141/1141 264/1142/1142 262/1143/1143
f 263/1144/1144 319/1145/1145 262/1146/1146
f 375/1147/1147 383/1148/1148 322/1149/1149 320/1150/1150
f 373/1151/1151 381/1152/1152 324/1153/1153 326/1154/1154
f 378/1155/1155 376/1156/1156 382/1157/1157 379/1158/1158
f 381/1159/1159 373/1160/1160 377/1161/1161 380/1162/1162
f 383/1163/1163 375/1164/1164 379/1165/1165 382/1166/1166
f 386/1167/1167 357/1168/1168 389/1169/1169 392/1170/1170
f 356/1171/1171 387/1172/1172 393/1173/1173 388/1174/1174
f 2/1175/1175 16/1176/1176 347/1177/1177 341/1178/1178
f 2/1179/1179 4/1180/1180 332/1181/1181 333/1182/1182
f 4/1183/1183 6/1184/1184 334/1185/1185 332/1186/1186
f 6/1187/1187 8/1188/1188 335/1189/1189 334/1190/1190
f 8/1191/1191 10/1192/1192 336/1193/1193 335/1194/1194
f 10/1195/1195 12/1196/1196 337/1197/1197 336/1198/1198
f 12/1199/1199 14/1200/1200 338/1201/1201 337/1202/1202
f 14/1203/1203 16/1204/1204 339/1205/1205 338/1206/1206
f 16/1207/1207 2/1208/1208 333/1209/1209 339/1210/1210
f 340/1211/1211 341/1212/1212 347/1213/1213 346/1214/1214 345/1215/1215 344/1216/1216 343/1217/1217 342/1218/1218
f 14/1219/1219 12/1220/1220 345/1221/1221 346/1222/1222
f 10/1223/1223 8/1224/1224 343/1225/1225 344/1226/1226
f 6/1227/1227 4/1228/1228 340/1229/1229 342/1230/1230
f 16/1231/1231 14/1232/1232 346/1233/1233 347/1234/1234
f 12/1235/1235 10/1236/1236 344/1237/1237 345/1238/1238
f 8/1239/1239 6/1240/1240 342/1241/1241 343/1242/1242
f 4/1243/1243 2/1244/1244 341/1245/1245 340/1246/1246
f 349/1247/1247 321/1248/1248 375/1249/1249 320/1250/1250
f 323/1251/1251 352/1252/1252 322/1253/1253 383/1254/1254
f 360/1255/1255 323/1256/1256 383/1257/1257 372/1258/1258
f 354/1259/1259 327/1260/1260 373/1261/1261 326/1262/1262
f 362/1263/1263 354/1264/1264 326/1265/1265 364/1266/1266
f 325/1267/1267 355/1268/1268 324/1269/1269 381/1270/1270
f 361/1271/1271 325/1272/1272 381/1273/1273 374/1274/1274
f 363/1275/1275 349/1276/1276 320/1277/1277 365/1278/1278
f 354/1279/1279 355/1280/1280 325/1281/1281 327/1282/1282
f 360/1283/1283 361/1284/1284 321/1285/1285 323/1286/1286
f 323/1287/1287 321/1288/1288 349/1289/1289 352/1290/1290
f 362/1291/1291 363/1292/1292 355/1293/1293 354/1294/1294
f 327/1295/1295 325/1296/1296 361/1297/1297 360/1298/1298
f 321/1299/1299 361/1300/1300 374/1301/1301 375/1302/1302
f 327/1303/1303 360/1304/1304 372/1305/1305 373/1306/1306
f 384/1307/1307 356/1308/1308 388/1309/1309 390/1310/1310
f 357/1311/1311 385/1312/1312 391/1313/1313 389/1314/1314
f 380/1315/1315 377/1316/1316 376/1317/1317 378/1318/1318
f 352/1319/1319 349/1320/1320 363/1321/1321 362/1322/1322
f 355/1323/1323 363/1324/1324 365/1325/1325 324/1326/1326
f 352/1327/1327 362/1328/1328 364/1329/1329 322/1330/1330
f 367/1331/1331 369/1332/1332 368/1333/1333 366/1334/1334
f 368/1335/1335 369/1336/1336 371/1337/1337 370/1338/1338
f 121/1339/1339 122/1340/1340 367/1341/1341 366/1342/1342
f 105/1343/1343 118/1344/1344 368/1345/1345 370/1346/1346
f 120/1347/1347 119/1348/1348 371/1349/1349 369/1350/1350
f 118/1351/1351 121/1352/1352 366/1353/1353 368/1354/1354
f 356/1355/1355 384/1356/1356 351/1357/1357 373/1358/1358 372/1359/1359
f 357/1360/1360 386/1361/1361 348/1362/1362 375/1363/1363 374/1364/1364
f 331/1365/1365 358/1366/1366 376/1367/1367 377/1368/1368
f 328/1369/1369 359/1370/1370 378/1371/1371 379/1372/1372
f 351/1373/1373 331/1374/1374 377/1375/1375 373/1376/1376
f 330/1377/1377 353/1378/1378 381/1379/1379 380/1380/1380
f 348/1381/1381 328/1382/1382 379/1383/1383 375/1384/1384
f 329/1385/1385 350/1386/1386 383/1387/1387 382/1388/1388
f 350/1389/1389 387/1390/1390 356/1391/1391 372/1392/1392 383/1393/1393
f 353/1394/1394 385/1395/1395 357/1396/1396 374/1397/1397 381/1398/1398
f 358/1399/1399 329/1400/1400 382/1401/1401 376/1402/1402
f 359/1403/1403 330/1404/1404 380/1405/1405 378/1406/1406
f 385/1407/1407 384/1408/1408 390/1409/1409 391/1410/1410
f 391/1411/1411 390/1412/1412 388/1413/1413 389/1414/1414
f 389/1415/1415 388/1416/1416 393/1417/1417 392/1418/1418
f 392/1419/1419 393/1420/1420 387/1421/1421 386/1422/1422
f 386/1423/1423 387/1424/1424 350/1425/1425 348/1426/1426
f 348/1427/1427 350/1428/1428 329/1429/1429 328/1430/1430
f 328/1431/1431 329/1432/1432 358/1433/1433 359/1434/1434
f 359/1435/1435 358/1436/1436 331/1437/1437 330/1438/1438
f 330/1439/1439 331/1440/1440 351/1441/1441 353/1442/1442
f 353/1443/1443 351/1444/1444 384/1445/1445 385/1446/1446
f 395/1447/1447 397/1448/1448 396/1449/1449 394/1450/1450
f 402/1451/1451 401/1452/1452 400/1453/1453 403/1454/1454
f 401/1455/1455 399/1456/1456 398/1457/1457 400/1458/1458
f 404/1459/1459 395/1460/1460 394/1461/1461 405/1462/1462
f 405/1463/1463 403/1464/1464 409/1465/1465 408/1466/1466
f 394/1467/1467 396/1468/1468 403/1469/1469 405/1470/1470
f 399/1471/1471 404/1472/1472 405/1473/1473 398/1474/1474
f 397/1475/1475 402/1476/1476 403/1477/1477 396/1478/1478
f 409/1479/1479 407/1480/1480 411/1481/1481 413/1482/1482
f 403/1483/1483 400/1484/1484 407/1485/1485 409/1486/1486
f 398/1487/1487 405/1488/1488 408/1489/1489 406/1490/1490
f 400/1491/1491 398/1492/1492 406/1493/1493 407/1494/1494
f 412/1495/1495 413/1496/1496 411/1497/1497 410/1498/1498
f 407/1499/1499 406/1500/1500 410/1501/1501 411/1502/1502
f 408/1503/1503 409/1504/1504 413/1505/1505 412/1506/1506
f 406/1507/1507 408/1508/1508 412/1509/1509 410/1510/1510
