# by GGBotNet
mtllib Soviet_Special_Sniper_Rifle.mtl
o Soviet_Special_Sniper_Rifle
v 0.588658 0.630956 6.932324
v 0.532545 0.813840 17.644857
v 0.561512 0.630953 17.644934
v 0.559691 0.813843 6.932252
v 0.448482 0.978824 17.644646
v 0.475628 0.978827 6.932034
v 0.317547 1.109758 17.644318
v 0.344696 1.109761 6.931710
v 0.152565 1.193821 17.643898
v 0.179712 1.193824 6.931287
v -0.030323 1.222789 17.643436
v -0.003173 1.222792 6.930822
v -0.213209 1.193821 17.642973
v -0.186062 1.193824 6.930360
v -0.378195 1.109758 17.642553
v -0.351048 1.109761 6.929942
v -0.509127 0.978825 17.642218
v -0.481980 0.978827 6.929608
v -0.593189 0.813841 17.642008
v -0.566042 0.813843 6.929399
v -0.622157 0.630953 17.641935
v -0.595008 0.630957 6.929324
v -0.593190 0.448067 17.642008
v -0.566042 0.448070 6.929399
v -0.509125 0.283081 17.642218
v -0.481980 0.283085 6.929608
v -0.378193 0.152148 17.642546
v -0.351047 0.152152 6.929945
v -0.213209 0.068085 17.642973
v -0.186062 0.068088 6.930360
v -0.030323 0.039118 17.643435
v -0.003174 0.039121 6.930822
v 0.152564 0.068086 17.643896
v 0.179712 0.068089 6.931287
v 0.317548 0.152149 17.644316
v 0.344699 0.152153 6.931707
v 0.448481 0.283081 17.644642
v 0.475628 0.283084 6.932034
v 0.532545 0.448067 17.644857
v 0.559691 0.448070 6.932252
v -0.030323 0.630953 17.643435
v -0.003173 0.630957 6.930821
v 0.614678 -0.576168 4.043485
v -0.610629 -0.054637 6.963812
v -0.603221 -0.576167 4.040399
v 0.607270 -0.054637 6.966901
v 0.614678 0.818401 4.043485
v 0.607270 0.818400 6.966901
v -0.610629 0.818401 6.963812
v -0.603221 0.818401 4.040399
v -0.251006 1.546909 4.041118
v 0.252276 1.550406 4.042396
v -0.258973 1.554650 6.964242
v 0.245498 1.554650 6.965520
v -0.184693 1.190100 17.009308
v 0.121070 1.190100 17.532709
v -0.186018 1.190100 17.531931
v 0.122394 1.190100 17.010088
v -0.184693 1.768164 17.009308
v 0.122395 1.768164 17.010088
v -0.186018 1.543497 17.531931
v 0.121070 1.543497 17.532709
v -0.161726 1.193785 7.388764
v 0.141313 1.193785 9.128569
v -0.166132 1.193785 9.127789
v 0.145720 1.193785 7.389543
v -0.161726 1.552290 7.388764
v 0.145720 1.552290 7.389544
v -0.165630 1.552291 8.929770
v 0.141815 1.552290 8.930549
v -0.372062 -2.107213 4.421824
v -0.367211 -2.873086 2.507110
v -0.372371 -2.516367 4.543628
v -0.367120 -2.507434 2.471169
v -0.371798 -1.706757 4.317416
v -0.366963 -2.141780 2.409125
v -0.371577 -1.280201 4.230411
v -0.366812 -1.776128 2.349603
v -0.371401 -0.888446 4.160807
v -0.366630 -1.410474 2.277858
v -0.371379 -0.470590 4.152107
v -0.366423 -1.044822 2.196413
v 0.380646 -2.107213 4.423729
v 0.380338 -2.516368 4.545537
v 0.385498 -2.873086 2.509017
v 0.385589 -2.507434 2.473077
v 0.380911 -1.706757 4.319324
v 0.385746 -2.141782 2.411033
v 0.381132 -1.280201 4.232319
v 0.385897 -1.776128 2.351511
v 0.381308 -0.888447 4.162716
v 0.386079 -1.410475 2.279765
v 0.381330 -0.470590 4.154018
v 0.386286 -1.044822 2.198320
v 0.407251 -0.098550 -4.874796
v 0.405692 -0.432643 -4.259437
v 0.406226 -0.626439 -4.470386
v 0.406729 -0.922173 -4.668892
v 0.400836 -0.437690 -2.343375
v 0.399363 -0.316570 -1.761996
v 0.400069 -0.655709 -2.040574
v 0.399627 -0.970623 -1.866293
v 0.400037 -2.678429 -2.028462
v 0.401142 -2.509192 -2.464495
v 0.400774 -2.363513 -2.319153
v 0.400437 -2.181834 -2.185919
v 0.407435 -2.619242 -4.947468
v 0.406999 -2.341979 -4.775544
v 0.406514 -2.504147 -4.584105
v 0.407373 -2.133383 -4.923245
v 0.409260 -0.450921 -5.667652
v 0.410072 -0.884309 -5.988124
v 0.410369 -0.629463 -6.105457
v 0.411082 -0.319415 -6.386903
v 0.418928 -0.169474 -9.482787
v 0.417422 -0.315410 -8.888629
v 0.418031 -0.523887 -9.129045
v 0.418360 -0.803999 -9.258807
v 0.417685 -2.621569 -8.992870
v 0.417136 -2.287529 -8.775971
v 0.416578 -2.454981 -8.555732
v 0.417481 -2.120080 -8.912153
v 0.411716 -2.460066 -6.637074
v 0.411163 -2.285528 -6.418843
v 0.410739 -2.623054 -6.251393
v 0.410899 -2.118746 -6.314601
v 0.410105 -0.117355 -6.001219
v 0.414886 -0.117355 -7.887938
v 0.416709 0.091122 -8.607185
v 0.418981 0.101548 -9.503636
v 0.421121 0.101548 -10.347966
v 0.420932 -0.315408 -10.273450
v 0.420720 -0.867875 -10.190058
v 0.420720 -1.378647 -10.190058
v 0.418443 -1.149990 -9.291417
v 0.418229 -1.524581 -9.207358
v 0.420878 -2.004081 -10.252601
v 0.421115 -2.612134 -10.346418
v 0.399779 -0.292424 -1.926202
v 0.402411 0.680485 -2.964775
v 0.399774 0.677008 -1.924313
v 0.403106 0.485051 -3.238998
v 0.406140 -0.090820 -4.436443
v 0.405191 0.009729 -4.061670
v 0.403360 -0.099961 -3.339549
v 0.404241 0.174264 -3.686898
v 0.396223 -0.318160 -0.523039
v 0.395236 -1.245917 -0.133599
v 0.396206 -1.277022 -0.516241
v 0.397404 -2.788001 -0.989242
v 0.401003 -3.222101 -2.409705
v 0.396977 -3.238316 -0.820807
v 0.402154 -2.962688 -2.863678
v 0.404003 -2.638422 -3.593272
v 0.421492 -3.133422 -10.495011
v 0.324110 0.426258 -3.538472
v 0.296077 0.305765 -4.047298
v 0.256925 0.303405 -4.797140
v 0.259809 0.320743 -5.935140
v 0.266227 0.414461 -8.467871
v 0.270920 0.472192 -10.319762
v 0.422276 -1.333305 -10.803870
v 0.422249 -0.926620 -10.793704
v 0.422301 -0.397929 -10.814040
v 0.422404 0.059591 -10.854708
v 0.272261 0.500862 -10.849004
v 0.422327 -1.933163 -10.824204
v 0.422533 -2.441520 -10.905543
v 0.422842 -3.139059 -11.027550
v 0.323090 -2.623054 -6.251616
v 0.182271 -2.962688 -2.864235
v 0.256118 -2.619242 -4.947853
v 0.184120 -2.638422 -3.593831
v -0.355962 -0.098550 -4.876730
v -0.356987 -0.626439 -4.472320
v -0.357521 -0.432643 -4.261372
v -0.356484 -0.922173 -4.670827
v -0.362377 -0.437690 -2.345309
v -0.363144 -0.655708 -2.042508
v -0.363850 -0.316569 -1.763930
v -0.363586 -0.970622 -1.868227
v -0.363175 -2.678429 -2.030396
v -0.362438 -2.363513 -2.321086
v -0.362070 -2.509192 -2.466429
v -0.362776 -2.181833 -2.187853
v -0.355778 -2.619242 -4.949402
v -0.356699 -2.504147 -4.586040
v -0.356214 -2.341978 -4.777479
v -0.355839 -2.133382 -4.925179
v -0.353953 -0.450920 -5.669586
v -0.352843 -0.629462 -6.107391
v -0.353140 -0.884309 -5.990057
v -0.352130 -0.319415 -6.388837
v -0.344284 -0.169474 -9.484719
v -0.345181 -0.523887 -9.130980
v -0.345790 -0.315409 -8.890565
v -0.344852 -0.803998 -9.260742
v -0.345527 -2.621569 -8.994805
v -0.346635 -2.454981 -8.557666
v -0.346076 -2.287529 -8.777907
v -0.345731 -2.120080 -8.914087
v -0.351497 -2.460066 -6.639009
v -0.352474 -2.623054 -6.253327
v -0.352049 -2.285528 -6.420776
v -0.352314 -2.118746 -6.316535
v -0.353107 -0.117355 -6.003153
v -0.348326 -0.117355 -7.889873
v -0.346503 0.091122 -8.609119
v -0.344231 0.101548 -9.505567
v -0.342092 0.101549 -10.349899
v -0.342280 -0.315408 -10.275382
v -0.342492 -0.867875 -10.191993
v -0.342492 -1.378647 -10.191993
v -0.344769 -1.149989 -9.293349
v -0.344983 -1.524580 -9.209291
v -0.342334 -2.004081 -10.254535
v -0.342096 -2.612134 -10.348351
v -0.363434 -0.292423 -1.928136
v -0.360802 0.680487 -2.966709
v -0.363438 0.677008 -1.926247
v -0.360107 0.485051 -3.240932
v -0.357073 -0.090820 -4.438379
v -0.358022 0.009729 -4.063603
v -0.359852 -0.099961 -3.341483
v -0.358972 0.174264 -3.688832
v -0.367977 -1.245917 -0.135534
v -0.366990 -0.318160 -0.524973
v -0.367007 -1.277022 -0.518176
v -0.365809 -2.788001 -0.991176
v -0.362209 -3.222100 -2.411639
v -0.366236 -3.238315 -0.822741
v -0.361059 -2.962688 -2.865613
v -0.359210 -2.638422 -3.595206
v -0.341720 -3.133422 -10.496944
v -0.279594 0.426259 -3.540002
v -0.243118 0.305765 -4.048665
v -0.206031 0.303405 -4.798313
v -0.203147 0.320743 -5.936313
v -0.196729 0.414461 -8.469043
v -0.192036 0.472192 -10.320936
v -0.340937 -1.333305 -10.805804
v -0.340962 -0.926620 -10.795640
v -0.340911 -0.397929 -10.815971
v -0.340808 0.059591 -10.856644
v -0.190695 0.500862 -10.850177
v -0.340886 -1.933163 -10.826138
v -0.340680 -2.441520 -10.907480
v -0.340371 -3.139058 -11.029484
v -0.141176 -2.962688 -2.865054
v -0.264825 -2.623054 -6.253106
v -0.204461 -2.619242 -4.949019
v -0.139327 -2.638422 -3.594650
v 0.012963 -3.238315 -0.663529
v 0.013390 -2.788001 -0.831963
v 0.012207 -1.313170 -0.364987
v 0.011619 -1.288090 -0.132961
v 0.499738 -1.126551 0.031008
v 0.495442 -1.127561 1.726050
v 0.495673 -1.232349 1.634736
v 0.499738 -1.232349 0.031008
v 0.494098 -0.566854 2.256591
v 0.495439 -0.009258 1.727332
v 0.494263 -1.101433 2.191132
v 0.491334 0.521277 3.347563
v 0.489523 -0.587194 4.062138
v 0.489542 0.529712 4.054703
v 0.495176 0.529440 1.831112
v 0.500188 -1.234714 -0.146574
v 0.499709 -0.007979 0.042376
v 0.501154 0.610674 -0.527719
v 0.504731 -0.169306 -1.939263
v 0.504737 0.659525 -1.941440
v 0.501142 -0.333899 -0.523257
v 0.504716 -0.333681 -1.933395
v 0.469442 0.732470 -1.705780
v 0.385373 0.967005 -1.705993
v 0.332519 1.181146 -1.583760
v 0.290097 1.354499 -1.430909
v 0.272070 1.464507 -1.228775
v 0.258668 1.466668 4.060435
v -0.470820 -1.126550 0.028548
v -0.474884 -1.232349 1.632277
v -0.475115 -1.127560 1.723591
v -0.470820 -1.232349 0.028548
v -0.476460 -0.566854 2.254130
v -0.475118 -0.009258 1.724873
v -0.476294 -1.101432 2.188672
v -0.479224 0.521277 3.345104
v -0.481035 -0.587193 4.059681
v -0.481016 0.529712 4.052243
v -0.475381 0.529440 1.828651
v -0.470370 -1.234714 -0.149034
v -0.470849 -0.007978 0.039916
v -0.469404 0.610675 -0.530178
v -0.465827 -0.169306 -1.941722
v -0.465821 0.659526 -1.943900
v -0.469415 -0.333899 -0.525716
v -0.465842 -0.333681 -1.935854
v -0.431721 0.732470 -1.708064
v -0.347652 0.967006 -1.707851
v -0.295419 1.181147 -1.585351
v -0.253772 1.354499 -1.432287
v -0.236770 1.464507 -1.230064
v -0.250173 1.466668 4.059144
v 0.089540 -0.901062 0.748759
v 0.089316 -1.017196 0.837125
v 0.089668 -0.961002 0.698340
v 0.089872 -0.762275 0.617656
v 0.090051 -0.812828 0.547082
v 0.089995 -0.661436 0.569336
v 0.090339 -0.611149 0.433637
v 0.090003 -0.296024 0.565987
v 0.090509 -0.410909 0.366294
v 0.090561 0.024685 0.345664
v 0.089993 0.024365 0.569901
v -0.063343 -0.901062 0.748371
v -0.063215 -0.961002 0.697953
v -0.063567 -1.017196 0.836738
v -0.063010 -0.762275 0.617269
v -0.062831 -0.812828 0.546694
v -0.062888 -0.661435 0.568947
v -0.062544 -0.611149 0.433250
v -0.062879 -0.296024 0.565599
v -0.062373 -0.410909 0.365906
v -0.062321 0.024685 0.345278
v -0.062889 0.024365 0.569514
v 0.006442 1.395352 3.102893
v 0.049979 1.395351 3.808308
v 0.004655 1.395351 3.808193
v 0.051766 1.395352 3.103008
v 0.006442 2.255556 3.102895
v 0.051766 2.255556 3.103009
v 0.004655 2.255555 3.808193
v 0.049980 2.255555 3.808308
v 0.550053 0.457634 3.676919
v 0.450818 0.938299 3.253527
v 0.449746 0.938299 3.676666
v 0.551125 0.321491 3.253782
v 0.451890 0.938300 2.830395
v 0.552197 0.253420 2.830649
v 0.452962 0.938300 2.407263
v 0.553270 0.185349 2.407517
v 0.454035 0.938300 1.984129
v 0.554381 0.223166 1.969257
v 0.455107 0.938300 1.560998
v 0.555510 0.268549 1.523432
v 0.456179 0.938300 1.137864
v 0.553471 0.601344 1.138112
v 0.493075 0.457634 3.676774
v 0.392767 0.938299 3.676520
v 0.393839 0.938299 3.253384
v 0.494147 0.321491 3.253638
v 0.394911 0.938300 2.830251
v 0.495219 0.253420 2.830505
v 0.395984 0.938300 2.407119
v 0.496291 0.185349 2.407374
v 0.397056 0.938300 1.983986
v 0.497402 0.223166 1.969113
v 0.398128 0.938300 1.560853
v 0.498531 0.268549 1.523290
v 0.399201 0.938300 1.137720
v 0.496492 0.601344 1.137967
v 0.192179 2.129660 1.147746
v 0.270749 1.928351 1.147945
v 0.216861 1.928351 1.147808
v 0.241964 2.150285 1.147872
v 0.191012 2.129660 1.608050
v 0.215694 1.928350 1.608111
v 0.269582 1.928350 1.608248
v 0.240798 2.150285 1.608176
v 0.121889 2.247728 1.147568
v 0.159994 2.285832 1.147664
v 0.120723 2.247727 1.607871
v 0.158827 2.285832 1.607967
v 0.016694 1.598748 1.147301
v -0.024795 1.544402 1.147196
v -0.024795 1.598291 1.147196
v 0.037316 1.545375 1.147353
v 0.015527 1.598748 1.607604
v -0.025962 1.598291 1.607498
v -0.025962 1.544401 1.607498
v 0.036149 1.545375 1.607657
v 0.121889 1.669037 1.147568
v 0.159994 1.630930 1.147664
v 0.120723 1.669037 1.607870
v 0.158827 1.630930 1.607967
v 0.192179 1.774229 1.147746
v 0.241964 1.753610 1.147872
v 0.191012 1.774229 1.608050
v 0.240798 1.753609 1.608176
v -0.191157 2.329116 2.792048
v -0.570762 2.630901 2.791086
v -0.482449 2.630011 2.791311
v -0.245737 2.253994 2.791909
v -0.193680 2.329115 3.787967
v -0.484972 2.630010 3.787230
v -0.573285 2.630900 3.787003
v -0.248261 2.253993 3.787827
v 0.176902 2.329121 2.792981
v 0.231483 2.253994 2.793119
v 0.174378 2.329120 3.788897
v 0.228959 2.253993 3.789038
v 0.463469 2.630011 2.793707
v 0.551783 2.630901 2.793931
v 0.460945 2.630010 3.789623
v 0.549260 2.630900 3.789850
v -0.187068 2.329117 1.178472
v -0.441570 2.497129 1.177829
v -0.353257 2.496236 1.178051
v -0.241648 2.253994 1.178334
v -0.191139 2.329116 2.784703
v -0.357328 2.496236 2.784281
v -0.445641 2.497128 2.784055
v -0.245719 2.253994 2.784563
v 0.180991 2.329121 1.179404
v 0.235571 2.253994 1.179543
v 0.176921 2.329121 2.785635
v 0.231501 2.253994 2.785774
v 0.352627 2.496239 1.179840
v 0.440941 2.497129 1.180064
v 0.348557 2.496238 2.786069
v 0.436871 2.497128 2.786291
v 0.534176 0.433286 3.169455
v 0.594832 0.490360 3.654781
v 0.532947 0.490360 3.654623
v 0.596061 0.433286 3.169612
v 0.424822 1.033017 3.169177
v 0.486707 1.033017 3.169334
v 0.485478 1.033016 3.654504
v 0.423593 1.033016 3.654346
v 0.538127 0.275158 1.610685
v 0.539313 0.625900 1.142661
v 0.601197 0.625900 1.142817
v 0.600011 0.275158 1.610842
v 0.437814 1.119969 1.612511
v 0.499699 1.119969 1.612670
v 0.439005 1.119969 1.142407
v 0.500890 1.119969 1.142565
v 0.043274 1.522797 3.168211
v 0.032668 1.466492 3.653357
v 0.032632 1.525671 3.653355
v 0.043311 1.463614 3.168211
v 0.329037 1.525422 3.168934
v 0.310943 1.466243 3.168890
v 0.309714 1.466242 3.654057
v 0.327808 1.525421 3.654103
v -0.021909 1.553314 1.609266
v -0.026694 1.554692 1.141227
v -0.025855 1.494397 1.141230
v -0.021068 1.493015 1.609268
v 0.346911 1.556342 1.612282
v 0.332987 1.496042 1.612247
v 0.348102 1.556343 1.142177
v 0.334178 1.496043 1.142142
v -0.517699 2.904788 5.760430
v -0.518476 2.904788 6.066915
v -0.493472 3.062652 6.066977
v -0.492696 3.062652 5.760495
v -0.420910 3.205065 6.067160
v -0.420133 3.205065 5.760681
v -0.307890 3.318085 6.067450
v -0.307113 3.318085 5.760963
v -0.165478 3.390648 6.067811
v -0.164701 3.390648 5.761326
v -0.007612 3.415651 6.068211
v -0.006836 3.415651 5.761724
v 0.150252 3.390648 6.068608
v 0.151029 3.390648 5.762125
v 0.292664 3.318085 6.068972
v 0.293442 3.318085 5.762486
v 0.405684 3.205065 6.069256
v 0.406460 3.205065 5.762774
v 0.478246 3.062652 6.069440
v 0.479023 3.062652 5.762958
v 0.503250 2.904787 6.069504
v 0.504027 2.904787 5.763021
v 0.478246 2.746921 6.069440
v 0.479023 2.746921 5.762958
v 0.405684 2.604508 6.069256
v 0.406460 2.604508 5.762774
v 0.292664 2.491488 6.068972
v 0.293442 2.491488 5.762485
v 0.150252 2.418924 6.068607
v 0.151029 2.418924 5.762125
v -0.007613 2.393921 6.068210
v -0.006836 2.393921 5.761724
v -0.165478 2.418924 6.067811
v -0.164702 2.418924 5.761325
v -0.307891 2.491488 6.067449
v -0.307114 2.491488 5.760963
v -0.420910 2.604508 6.067160
v -0.420133 2.604508 5.760681
v -0.493472 2.746922 6.066977
v -0.492696 2.746922 5.760495
v -0.454113 2.908515 5.677095
v -0.432001 3.048123 5.677147
v -0.367830 3.174067 5.677310
v -0.267881 3.274014 5.677566
v -0.141939 3.338186 5.677886
v -0.002330 3.360297 5.678238
v 0.137278 3.338186 5.678593
v 0.263221 3.274014 5.678909
v 0.363169 3.174067 5.679164
v 0.427340 3.048122 5.679327
v 0.449452 2.908514 5.679383
v 0.427340 2.768905 5.679327
v 0.363169 2.642961 5.679165
v 0.263221 2.543012 5.678908
v 0.137278 2.478839 5.678591
v -0.002331 2.456729 5.678237
v -0.141939 2.478839 5.677885
v -0.267881 2.543012 5.677565
v -0.367830 2.642961 5.677310
v -0.432001 2.768905 5.677147
v -0.453988 2.908515 5.627800
v -0.431877 3.048123 5.627854
v -0.367705 3.174067 5.628017
v -0.267756 3.274014 5.628270
v -0.141814 3.338186 5.628592
v -0.002206 3.360297 5.628942
v 0.137403 3.338186 5.629299
v 0.263345 3.274014 5.629614
v 0.363294 3.174067 5.629869
v 0.427465 3.048122 5.630034
v 0.449576 2.908514 5.630091
v 0.427465 2.768905 5.630034
v 0.363293 2.642961 5.629869
v 0.263346 2.543012 5.629613
v 0.137403 2.478839 5.629297
v -0.002206 2.456729 5.628942
v -0.141814 2.478839 5.628591
v -0.267756 2.543012 5.628268
v -0.367705 2.642961 5.628017
v -0.431877 2.768905 5.627854
v -0.587283 2.901325 3.303276
v -0.552185 3.082318 0.765463
v -0.580852 2.901326 0.765390
v -0.558617 3.082318 3.303349
v -0.468992 3.245596 0.765675
v -0.475423 3.245595 3.303560
v -0.339416 3.375171 0.766003
v -0.345847 3.375170 3.303887
v -0.176141 3.458364 0.766417
v -0.182573 3.458364 3.304302
v 0.004851 3.487029 0.766876
v -0.001581 3.487029 3.304761
v 0.185843 3.458364 0.767333
v 0.179411 3.458364 3.305220
v 0.349117 3.375171 0.767747
v 0.342686 3.375170 3.305634
v 0.478694 3.245595 0.768074
v 0.472262 3.245595 3.305963
v 0.561886 3.082318 0.768284
v 0.555455 3.082318 3.306174
v 0.590553 2.901326 0.768359
v 0.584121 2.901325 3.306243
v 0.561886 2.720334 0.768284
v 0.555455 2.720334 3.306174
v 0.478693 2.557057 0.768074
v 0.472262 2.557056 3.305963
v 0.349117 2.427483 0.767747
v 0.342686 2.427481 3.305634
v 0.185842 2.344287 0.767332
v 0.179411 2.344286 3.305219
v 0.004851 2.315624 0.766875
v -0.001581 2.315623 3.304761
v -0.176142 2.344287 0.766416
v -0.182573 2.344286 3.304302
v -0.339417 2.427483 0.766002
v -0.345848 2.427481 3.303887
v -0.468992 2.557057 0.765674
v -0.475423 2.557056 3.303560
v -0.552185 2.720335 0.765463
v -0.558617 2.720335 3.303349
v -0.430752 2.894289 3.626487
v -0.409525 3.028311 3.626544
v -0.347920 3.149219 3.626702
v -0.251970 3.245167 3.626944
v -0.131065 3.306773 3.627251
v 0.002959 3.328001 3.627589
v 0.136983 3.306773 3.627927
v 0.257888 3.245167 3.628237
v 0.353839 3.149219 3.628479
v 0.415443 3.028311 3.628633
v 0.436670 2.894289 3.628689
v 0.415443 2.760262 3.628633
v 0.353839 2.639358 3.628479
v 0.257889 2.543406 3.628237
v 0.136983 2.481801 3.627927
v 0.002959 2.460576 3.627589
v -0.131065 2.481801 3.627251
v -0.251970 2.543406 3.626944
v -0.347920 2.639358 3.626702
v -0.409525 2.760263 3.626545
v -0.435901 2.894288 5.658370
v -0.414674 3.028311 5.658422
v -0.353069 3.149219 5.658580
v -0.257118 3.245166 5.658823
v -0.136214 3.306773 5.659132
v -0.002190 3.328000 5.659471
v 0.131834 3.306773 5.659809
v 0.252739 3.245166 5.660114
v 0.348690 3.149219 5.660358
v 0.410294 3.028311 5.660515
v 0.431521 2.894288 5.660570
v 0.410294 2.760261 5.660515
v 0.348689 2.639358 5.660358
v 0.252739 2.543406 5.660113
v 0.131834 2.481800 5.659808
v -0.002190 2.460574 5.659470
v -0.136214 2.481800 5.659131
v -0.257118 2.543406 5.658823
v -0.353069 2.639358 5.658580
v -0.414674 2.760263 5.658422
v -0.296469 2.905631 -0.287700
v -0.299210 2.905635 0.794207
v -0.284090 3.001096 0.794243
v -0.281349 3.001096 -0.287663
v -0.240210 3.087217 0.794355
v -0.237469 3.087214 -0.287549
v -0.171865 3.155565 0.794529
v -0.169123 3.155562 -0.287378
v -0.085745 3.199441 0.794747
v -0.083003 3.199442 -0.287158
v 0.009720 3.214561 0.794988
v 0.012462 3.214563 -0.286916
v 0.105185 3.199441 0.795231
v 0.107926 3.199442 -0.286675
v 0.191304 3.155565 0.795449
v 0.194046 3.155562 -0.286456
v 0.259650 3.087217 0.795622
v 0.262392 3.087214 -0.286283
v 0.303530 3.001096 0.795731
v 0.306271 3.001095 -0.286173
v 0.318650 2.905635 0.795770
v 0.321391 2.905631 -0.286135
v 0.303529 2.810168 0.795732
v 0.306271 2.810163 -0.286174
v 0.259649 2.724046 0.795622
v 0.262392 2.724045 -0.286284
v 0.191304 2.655704 0.795448
v 0.194046 2.655699 -0.286457
v 0.105185 2.611822 0.795231
v 0.107926 2.611818 -0.286676
v 0.009720 2.596700 0.794987
v 0.012461 2.596698 -0.286918
v -0.085745 2.611822 0.794746
v -0.083003 2.611818 -0.287160
v -0.171865 2.655704 0.794528
v -0.169123 2.655699 -0.287378
v -0.240210 2.724046 0.794354
v -0.237469 2.724046 -0.287551
v -0.284090 2.810168 0.794243
v -0.281350 2.810164 -0.287663
v -0.386971 2.908497 -1.255280
v -0.367135 3.038766 -1.255231
v -0.309561 3.156273 -1.255085
v -0.219889 3.249532 -1.254856
v -0.106897 3.309412 -1.254571
v 0.018357 3.330042 -1.254253
v 0.143610 3.309411 -1.253936
v 0.256603 3.249531 -1.253649
v 0.346275 3.156273 -1.253422
v 0.403847 3.038765 -1.253276
v 0.423687 2.908497 -1.253227
v 0.403847 2.778233 -1.253276
v 0.346274 2.660722 -1.253422
v 0.256603 2.567460 -1.253651
v 0.143610 2.507585 -1.253937
v 0.018357 2.486952 -1.254254
v -0.106897 2.507585 -1.254572
v -0.219889 2.567461 -1.254856
v -0.309562 2.660722 -1.255085
v -0.367135 2.778233 -1.255231
v -0.471919 2.908792 -1.258348
v -0.447914 3.066412 -1.258288
v -0.378250 3.208606 -1.258111
v -0.269748 3.321443 -1.257836
v -0.133028 3.393890 -1.257489
v 0.018530 3.418855 -1.257105
v 0.170087 3.393890 -1.256721
v 0.306808 3.321443 -1.256374
v 0.415312 3.208606 -1.256100
v 0.484974 3.066411 -1.255924
v 0.508978 2.908792 -1.255862
v 0.484974 2.751174 -1.255924
v 0.415311 2.608981 -1.256101
v 0.306808 2.496136 -1.256376
v 0.170087 2.423691 -1.256722
v 0.018530 2.398724 -1.257106
v -0.133027 2.423691 -1.257490
v -0.269748 2.496136 -1.257837
v -0.378251 2.608981 -1.258113
v -0.447914 2.751174 -1.258288
v -0.471491 2.908792 -1.426821
v -0.447487 3.066417 -1.426762
v -0.377825 3.208606 -1.426587
v -0.269321 3.321444 -1.426310
v -0.132600 3.393897 -1.425963
v 0.018958 3.418862 -1.425579
v 0.170514 3.393897 -1.425197
v 0.307236 3.321443 -1.424849
v 0.415738 3.208606 -1.424574
v 0.485402 3.066417 -1.424397
v 0.509406 2.908792 -1.424335
v 0.485402 2.751174 -1.424399
v 0.415738 2.608984 -1.424574
v 0.307236 2.496138 -1.424850
v 0.170514 2.423688 -1.425198
v 0.018957 2.398722 -1.425580
v -0.132600 2.423688 -1.425964
v -0.269320 2.496138 -1.426310
v -0.377826 2.608984 -1.426584
v -0.447488 2.751175 -1.426762
v -0.573325 2.920302 -2.204500
v -0.575364 2.920302 -1.400347
v -0.546697 3.101294 -1.400275
v -0.544659 3.101295 -2.204427
v -0.463504 3.264571 -1.400064
v -0.461466 3.264571 -2.204217
v -0.333928 3.394146 -1.399735
v -0.331890 3.394146 -2.203890
v -0.170653 3.477340 -1.399321
v -0.168615 3.477340 -2.203475
v 0.010339 3.506005 -1.398862
v 0.012377 3.506005 -2.203017
v 0.191331 3.477340 -1.398404
v 0.193368 3.477340 -2.202559
v 0.354605 3.394146 -1.397990
v 0.356644 3.394146 -2.202145
v 0.484182 3.264571 -1.397663
v 0.486220 3.264571 -2.201816
v 0.567374 3.101293 -1.397452
v 0.569413 3.101294 -2.201606
v 0.596041 2.920301 -1.397379
v 0.598079 2.920302 -2.201533
v 0.567374 2.739309 -1.397452
v 0.569412 2.739310 -2.201606
v 0.484182 2.576033 -1.397663
v 0.486220 2.576034 -2.201816
v 0.354605 2.446458 -1.397991
v 0.356644 2.446459 -2.202145
v 0.191331 2.363262 -1.398405
v 0.193368 2.363262 -2.202559
v 0.010339 2.334600 -1.398864
v 0.012377 2.334599 -2.203017
v -0.170653 2.363263 -1.399322
v -0.168615 2.363263 -2.203475
v -0.333928 2.446458 -1.399736
v -0.331890 2.446459 -2.203890
v -0.463504 2.576033 -1.400064
v -0.461466 2.576034 -2.204217
v -0.546697 2.739311 -1.400275
v -0.544659 2.739311 -2.204427
v -0.489069 2.922724 -2.209739
v -0.464282 3.079223 -2.209677
v -0.392347 3.220407 -2.209495
v -0.280306 3.332444 -2.209211
v -0.139126 3.404381 -2.208853
v 0.017373 3.429167 -2.208457
v 0.173873 3.404379 -2.208061
v 0.315053 3.332443 -2.207701
v 0.427095 3.220407 -2.207418
v 0.499029 3.079223 -2.207236
v 0.523816 2.922724 -2.207174
v 0.499029 2.766222 -2.207237
v 0.427094 2.625041 -2.207418
v 0.315053 2.513000 -2.207703
v 0.173873 2.441062 -2.208061
v 0.017373 2.416277 -2.208457
v -0.139126 2.441063 -2.208853
v -0.280306 2.513001 -2.209212
v -0.392347 2.625042 -2.209496
v -0.464282 2.766224 -2.209677
v -0.486022 2.922724 -3.412432
v -0.461235 3.079223 -3.412369
v -0.389299 3.220407 -3.412188
v -0.277258 3.332444 -3.411904
v -0.136078 3.404379 -3.411546
v 0.020421 3.429167 -3.411150
v 0.176921 3.404379 -3.410753
v 0.318101 3.332443 -3.410394
v 0.430141 3.220407 -3.410110
v 0.502077 3.079223 -3.409929
v 0.526863 2.922724 -3.409866
v 0.502077 2.766222 -3.409929
v 0.430141 2.625041 -3.410110
v 0.318101 2.513000 -3.410394
v 0.176920 2.441062 -3.410753
v 0.020421 2.416277 -3.411150
v -0.136078 2.441062 -3.411546
v -0.277258 2.513001 -3.411904
v -0.389299 2.625042 -3.412188
v -0.461235 2.766224 -3.412369
v -0.365770 2.930532 -3.383624
v -0.344801 3.050659 -4.150597
v -0.363827 2.930533 -4.150644
v -0.346744 3.050658 -3.383574
v -0.289587 3.159024 -4.150456
v -0.291530 3.159024 -3.383435
v -0.203586 3.245026 -4.150239
v -0.205530 3.245025 -3.383217
v -0.095220 3.300242 -4.149963
v -0.097164 3.300241 -3.382944
v 0.024905 3.319267 -4.149660
v 0.022961 3.319267 -3.382638
v 0.145030 3.300242 -4.149354
v 0.143085 3.300241 -3.382334
v 0.253396 3.245026 -4.149081
v 0.251453 3.245025 -3.382059
v 0.339395 3.159024 -4.148862
v 0.337452 3.159024 -3.381840
v 0.394610 3.050658 -4.148723
v 0.392666 3.050658 -3.381701
v 0.413636 2.930533 -4.148674
v 0.411693 2.930532 -3.381653
v 0.394610 2.810408 -4.148723
v 0.392666 2.810406 -3.381701
v 0.339395 2.702041 -4.148862
v 0.337452 2.702040 -3.381840
v 0.253396 2.616042 -4.149082
v 0.251452 2.616041 -3.382059
v 0.145029 2.560825 -4.149355
v 0.143085 2.560824 -3.382334
v 0.024905 2.541801 -4.149661
v 0.022961 2.541800 -3.382638
v -0.095220 2.560825 -4.149964
v -0.097164 2.560824 -3.382945
v -0.203586 2.616042 -4.150239
v -0.205531 2.616041 -3.383217
v -0.289587 2.702042 -4.150456
v -0.291530 2.702040 -3.383435
v -0.344801 2.810408 -4.150597
v -0.346744 2.810407 -3.383574
v -0.180284 3.502932 -3.617600
v 0.013414 3.513470 -3.542010
v 0.013604 3.533640 -3.617119
v -0.174243 3.483749 -3.542485
v 0.016779 3.293592 -3.495584
v -0.094592 3.275954 -3.495867
v -0.093977 3.275954 -3.738909
v 0.013794 3.513471 -3.692223
v 0.017395 3.293593 -3.738626
v -0.173862 3.483750 -3.692698
v -0.355193 3.413809 -3.618052
v -0.343530 3.397493 -3.542916
v -0.195060 3.224761 -3.496121
v -0.194446 3.224761 -3.739166
v -0.343149 3.397494 -3.693128
v -0.494002 3.275001 -3.618405
v -0.477877 3.263145 -3.543255
v -0.274794 3.145029 -3.496324
v -0.274177 3.145029 -3.739366
v -0.477496 3.263146 -3.693468
v -0.583123 3.100091 -3.618630
v -0.564133 3.093858 -3.543474
v -0.325986 3.044559 -3.496454
v -0.325369 3.044559 -3.739496
v -0.563753 3.093858 -3.693686
v -0.613833 2.906199 -3.618709
v -0.593855 2.906199 -3.543550
v -0.343624 2.933187 -3.496498
v -0.343009 2.933188 -3.739541
v -0.593475 2.906200 -3.693762
v -0.583123 2.712312 -3.618630
v -0.564133 2.718544 -3.543474
v -0.325986 2.821814 -3.496454
v -0.325369 2.821814 -3.739496
v -0.563753 2.718545 -3.693686
v -0.494002 2.537400 -3.618405
v -0.477878 2.549257 -3.543255
v -0.274794 2.721345 -3.496324
v -0.274177 2.721346 -3.739367
v -0.477496 2.549257 -3.693468
v -0.355193 2.398592 -3.618052
v -0.343530 2.414908 -3.542916
v -0.195060 2.641613 -3.496121
v -0.194446 2.641613 -3.739166
v -0.343149 2.414909 -3.693128
v -0.180284 2.309470 -3.617600
v -0.174243 2.328651 -3.542486
v -0.094592 2.590420 -3.495867
v -0.093977 2.590421 -3.738909
v -0.173862 2.328652 -3.692698
v 0.013604 2.278761 -3.617119
v 0.013413 2.298928 -3.542011
v 0.016778 2.572782 -3.495584
v 0.017394 2.572782 -3.738627
v 0.013794 2.298929 -3.692223
v 0.207492 2.309470 -3.616627
v 0.201070 2.328651 -3.541534
v 0.128150 2.590420 -3.495302
v 0.128766 2.590421 -3.738344
v 0.201451 2.328652 -3.691746
v 0.382402 2.398592 -3.616184
v 0.370357 2.414908 -3.541106
v 0.228619 2.641613 -3.495048
v 0.229235 2.641613 -3.738091
v 0.370738 2.414909 -3.691319
v 0.521210 2.537400 -3.615833
v 0.504704 2.549255 -3.540765
v 0.308352 2.721345 -3.494846
v 0.308967 2.721346 -3.737890
v 0.505084 2.549256 -3.690978
v 0.610332 2.712312 -3.615607
v 0.590960 2.718544 -3.540545
v 0.359543 2.821812 -3.494715
v 0.360159 2.821813 -3.737759
v 0.591341 2.718545 -3.690759
v 0.641040 2.906199 -3.615529
v 0.620682 2.906199 -3.540471
v 0.377183 2.933187 -3.494672
v 0.377799 2.933188 -3.737714
v 0.621062 2.906200 -3.690684
v 0.610332 3.100091 -3.615607
v 0.590960 3.093858 -3.540545
v 0.359543 3.044559 -3.494715
v 0.360159 3.044559 -3.737759
v 0.591341 3.093858 -3.690758
v 0.521210 3.274999 -3.615833
v 0.504704 3.263145 -3.540765
v 0.308352 3.145027 -3.494846
v 0.308967 3.145028 -3.737890
v 0.505084 3.263146 -3.690978
v 0.382402 3.413809 -3.616184
v 0.370357 3.397492 -3.541106
v 0.228619 3.224761 -3.495048
v 0.229235 3.224761 -3.738091
v 0.370738 3.397493 -3.691319
v 0.207492 3.502930 -3.616627
v 0.201070 3.483749 -3.541533
v 0.128150 3.275954 -3.495302
v 0.128765 3.275954 -3.738344
v 0.201450 3.483750 -3.691746
v -0.179475 3.502931 -3.936781
v 0.014223 3.513471 -3.861195
v 0.014413 3.533641 -3.936291
v -0.173434 3.483750 -3.861670
v 0.017588 3.293593 -3.814760
v -0.093783 3.275954 -3.815042
v -0.093168 3.275954 -4.058095
v 0.014603 3.513471 -4.011402
v 0.018203 3.293593 -4.057813
v -0.173053 3.483750 -4.011878
v -0.354384 3.413809 -3.937225
v -0.342721 3.397494 -3.862099
v -0.194251 3.224761 -3.815298
v -0.193637 3.224761 -4.058350
v -0.342340 3.397494 -4.012307
v -0.493193 3.275001 -3.937577
v -0.477069 3.263146 -3.862441
v -0.273985 3.145029 -3.815500
v -0.273368 3.145029 -4.058550
v -0.476687 3.263146 -4.012647
v -0.582314 3.100092 -3.937803
v -0.563324 3.093858 -3.862659
v -0.325177 3.044559 -3.815630
v -0.324561 3.044560 -4.058681
v -0.562944 3.093859 -4.012866
v -0.613024 2.906200 -3.937881
v -0.593046 2.906200 -3.862734
v -0.342816 2.933188 -3.815674
v -0.342200 2.933189 -4.058725
v -0.592666 2.906201 -4.012940
v -0.582314 2.712312 -3.937803
v -0.563324 2.718545 -3.862659
v -0.325177 2.821814 -3.815630
v -0.324561 2.821814 -4.058681
v -0.562944 2.718546 -4.012866
v -0.493193 2.537401 -3.937577
v -0.477069 2.549257 -3.862441
v -0.273985 2.721346 -3.815500
v -0.273368 2.721347 -4.058551
v -0.476687 2.549257 -4.012647
v -0.354384 2.398592 -3.937225
v -0.342721 2.414909 -3.862099
v -0.194252 2.641613 -3.815298
v -0.193637 2.641613 -4.058350
v -0.342340 2.414910 -4.012307
v -0.179475 2.309471 -3.936781
v -0.173434 2.328652 -3.861670
v -0.093783 2.590421 -3.815043
v -0.093168 2.590421 -4.058095
v -0.173053 2.328652 -4.011878
v 0.014413 2.278762 -3.936291
v 0.014222 2.298929 -3.861195
v 0.017587 2.572782 -3.814763
v 0.018204 2.572782 -4.057813
v 0.014603 2.298929 -4.011402
v 0.208300 2.309471 -3.935798
v 0.201879 2.328652 -3.860718
v 0.128959 2.590421 -3.814479
v 0.129575 2.590421 -4.057530
v 0.202259 2.328652 -4.010927
v 0.383211 2.398592 -3.935355
v 0.371166 2.414909 -3.860289
v 0.229428 2.641613 -3.814224
v 0.230043 2.641613 -4.057275
v 0.371547 2.414909 -4.010498
v 0.522019 2.537400 -3.935004
v 0.505512 2.549256 -3.859950
v 0.309161 2.721346 -3.814023
v 0.309776 2.721346 -4.057074
v 0.505893 2.549256 -4.010158
v 0.611141 2.712312 -3.934777
v 0.591769 2.718545 -3.859731
v 0.360352 2.821813 -3.813894
v 0.360968 2.821813 -4.056943
v 0.592150 2.718545 -4.009939
v 0.641849 2.906200 -3.934700
v 0.621491 2.906200 -3.859657
v 0.377992 2.933188 -3.813848
v 0.378608 2.933188 -4.056900
v 0.621871 2.906200 -4.009862
v 0.611141 3.100091 -3.934777
v 0.591769 3.093858 -3.859731
v 0.360352 3.044559 -3.813894
v 0.360968 3.044559 -4.056943
v 0.592150 3.093858 -4.009939
v 0.522019 3.275000 -3.935004
v 0.505512 3.263146 -3.859950
v 0.309161 3.145028 -3.814023
v 0.309776 3.145028 -4.057074
v 0.505893 3.263146 -4.010157
v 0.383211 3.413809 -3.935355
v 0.371166 3.397493 -3.860289
v 0.229428 3.224761 -3.814224
v 0.230044 3.224761 -4.057275
v 0.371547 3.397493 -4.010498
v 0.208300 3.502931 -3.935798
v 0.201879 3.483750 -3.860718
v 0.128958 3.275954 -3.814479
v 0.129574 3.275954 -4.057529
v 0.202259 3.483750 -4.010927
v -0.703018 2.935950 -4.128707
v -0.667176 3.160876 -4.214685
v -0.702800 2.935950 -4.214776
v -0.667394 3.160876 -4.128619
v -0.563790 3.363781 -4.214424
v -0.564007 3.363781 -4.128356
v -0.402763 3.524809 -4.214015
v -0.402982 3.524809 -4.127949
v -0.199857 3.628195 -4.213500
v -0.200077 3.628195 -4.127433
v 0.025064 3.663818 -4.212931
v 0.024847 3.663818 -4.126863
v 0.249988 3.628195 -4.212360
v 0.249770 3.628195 -4.126295
v 0.452894 3.524808 -4.211846
v 0.452676 3.524808 -4.125780
v 0.613919 3.363780 -4.211439
v 0.613703 3.363780 -4.125371
v 0.717306 3.160876 -4.211176
v 0.717088 3.160875 -4.125110
v 0.752931 2.935950 -4.211085
v 0.752712 2.935949 -4.125020
v 0.717307 2.711027 -4.211176
v 0.717088 2.711026 -4.125110
v 0.613919 2.508119 -4.211439
v 0.613702 2.508119 -4.125371
v 0.452893 2.347091 -4.211846
v 0.452675 2.347091 -4.125781
v 0.249988 2.243707 -4.212360
v 0.249770 2.243707 -4.126295
v 0.025064 2.208083 -4.212931
v 0.024847 2.208083 -4.126864
v -0.199857 2.243707 -4.213500
v -0.200077 2.243707 -4.127435
v -0.402763 2.347093 -4.214015
v -0.402982 2.347093 -4.127949
v -0.563790 2.508119 -4.214424
v -0.564007 2.508119 -4.128356
v -0.667176 2.711027 -4.214685
v -0.667394 2.711027 -4.128619
v -0.384771 1.787412 0.438388
v -0.354483 1.939735 0.443115
v -0.384782 1.787412 0.443038
v -0.354471 1.939735 0.438464
v -0.268198 2.068874 0.443333
v -0.268186 2.068874 0.438683
v -0.139062 2.155158 0.443660
v -0.139051 2.155158 0.439010
v 0.013263 2.185459 0.444045
v 0.013275 2.185459 0.439396
v 0.165589 2.155158 0.444432
v 0.165601 2.155158 0.439782
v 0.294724 2.068874 0.444759
v 0.294736 2.068874 0.440109
v 0.381010 1.939734 0.444978
v 0.381021 1.939734 0.440328
v 0.411309 1.787411 0.445055
v 0.411321 1.787411 0.440405
v 0.381010 1.635083 0.444978
v 0.381021 1.635083 0.440328
v 0.294724 1.505952 0.444759
v 0.294735 1.505952 0.440109
v 0.165588 1.419662 0.444433
v 0.165600 1.419662 0.439782
v 0.013263 1.389365 0.444045
v 0.013275 1.389365 0.439396
v -0.139062 1.419662 0.443660
v -0.139051 1.419662 0.439010
v -0.268198 1.505952 0.443333
v -0.268186 1.505952 0.438683
v -0.354483 1.635084 0.443115
v -0.354472 1.635084 0.438464
v -0.367607 1.790337 1.145061
v -0.338750 1.935410 1.145134
v -0.256574 2.058395 1.145342
v -0.133588 2.140575 1.145654
v 0.011484 2.169430 1.146021
v 0.156556 2.140575 1.146389
v 0.279542 2.058395 1.146700
v 0.361719 1.935410 1.146908
v 0.390575 1.790337 1.146982
v 0.361719 1.645265 1.146908
v 0.279542 1.522280 1.146699
v 0.156556 1.440101 1.146389
v 0.011484 1.411244 1.146020
v -0.133588 1.440101 1.145653
v -0.256574 1.522280 1.145342
v -0.338750 1.645265 1.145133
v -0.178050 1.819600 1.140892
v -0.163621 1.892135 1.140929
v -0.122533 1.953629 1.141033
v -0.061040 1.994717 1.141189
v 0.011496 2.009146 1.141374
v 0.084032 1.994717 1.141556
v 0.145525 1.953629 1.141712
v 0.186613 1.892135 1.141817
v 0.201042 1.819600 1.141853
v 0.186613 1.747062 1.141817
v 0.145525 1.685571 1.141711
v 0.084032 1.644482 1.141556
v 0.011496 1.630056 1.141373
v -0.061040 1.644482 1.141189
v -0.122533 1.685571 1.141033
v -0.163621 1.747062 1.140929
v -0.179233 1.819600 1.607889
v -0.164805 1.892135 1.607926
v -0.123716 1.953629 1.608031
v -0.062223 1.994716 1.608187
v 0.010313 2.009146 1.608370
v 0.082849 1.994716 1.608554
v 0.144341 1.953629 1.608710
v 0.185430 1.892135 1.608813
v 0.199858 1.819600 1.608851
v 0.185430 1.747062 1.608813
v 0.144341 1.685569 1.608709
v 0.082848 1.644482 1.608554
v 0.010313 1.630056 1.608370
v -0.062224 1.644482 1.608187
v -0.123717 1.685569 1.608031
v -0.164805 1.747062 1.607925
v -0.340406 3.642167 2.165797
v -0.340406 3.991216 2.165798
v -0.323258 3.991216 2.059283
v -0.323259 3.642163 2.059279
v -0.274035 3.991214 1.963274
v -0.274035 3.642166 1.963277
v -0.197554 3.991214 1.887182
v -0.197554 3.642164 1.887182
v -0.101301 3.991216 1.838444
v -0.101301 3.642164 1.838446
v 0.005301 3.991216 1.821839
v 0.005301 3.642164 1.821839
v 0.111817 3.991220 1.838985
v 0.111817 3.642164 1.838987
v 0.207820 3.991214 1.888210
v 0.207821 3.642164 1.888209
v 0.283916 3.991216 1.964690
v 0.283916 3.642166 1.964691
v 0.332652 3.991216 2.060946
v 0.332652 3.642163 2.060941
v 0.349259 3.991216 2.167546
v 0.349259 3.642167 2.167547
v 0.332111 3.991215 2.274063
v 0.332112 3.642164 2.274061
v 0.282888 3.991215 2.370068
v 0.282888 3.642165 2.370065
v 0.206407 3.991215 2.446161
v 0.206407 3.642165 2.446161
v 0.110155 3.991214 2.494896
v 0.110154 3.642163 2.494895
v 0.003553 3.991214 2.511501
v 0.003553 3.642164 2.511503
v -0.102964 3.991214 2.494355
v -0.102964 3.642163 2.494354
v -0.198968 3.991215 2.445134
v -0.198967 3.642165 2.445133
v -0.275062 3.991215 2.368653
v -0.275062 3.642165 2.368651
v -0.323798 3.991215 2.272400
v -0.323799 3.642163 2.272399
v -0.297622 3.641678 2.163389
v -0.282457 3.641681 2.069191
v -0.238926 3.641683 1.984293
v -0.171290 3.641681 1.916996
v -0.086169 3.641681 1.873896
v 0.008104 3.641681 1.859208
v 0.102302 3.641681 1.874374
v 0.187204 3.641678 1.917904
v 0.254498 3.641681 1.985541
v 0.297598 3.641681 2.070662
v 0.312285 3.641678 2.164934
v 0.297120 3.641678 2.259134
v 0.253589 3.641683 2.344033
v 0.185954 3.641680 2.411326
v 0.100833 3.641680 2.454428
v 0.006559 3.641683 2.469116
v -0.087639 3.641680 2.453950
v -0.172540 3.641680 2.410418
v -0.239835 3.641683 2.342782
v -0.282935 3.641678 2.257663
v -0.297622 3.432750 2.163389
v -0.282458 3.432753 2.069190
v -0.238926 3.432753 1.984288
v -0.171290 3.432753 1.916997
v -0.086169 3.432750 1.873894
v 0.008104 3.432752 1.859212
v 0.102302 3.432752 1.874372
v 0.187204 3.432752 1.917907
v 0.254498 3.432753 1.985539
v 0.297598 3.432753 2.070661
v 0.312284 3.432750 2.164934
v 0.297120 3.432753 2.259134
v 0.253589 3.432750 2.344037
v 0.185954 3.432751 2.411327
v 0.100832 3.432753 2.454432
v 0.006559 3.432751 2.469116
v -0.087639 3.432751 2.453954
v -0.172540 3.432753 2.410419
v -0.239835 3.432750 2.342784
v -0.282935 3.432753 2.257663
v -0.673722 3.331881 2.097288
v -1.022501 3.315004 1.989845
v -1.022771 3.331885 2.096402
v -0.673446 3.315004 1.990728
v -1.022256 3.266025 1.893713
v -0.673207 3.266023 1.894598
v -1.022059 3.189735 1.817426
v -0.673012 3.189737 1.818313
v -1.021940 3.093609 1.768448
v -0.672889 3.093609 1.769333
v -1.021898 2.987049 1.751570
v -0.672846 2.987047 1.752455
v -1.021940 2.880486 1.768445
v -0.672888 2.880491 1.769333
v -1.022061 2.784359 1.817428
v -0.673012 2.784362 1.818313
v -1.022258 2.708071 1.893713
v -0.673207 2.708071 1.894598
v -1.022499 2.659092 1.989847
v -0.673448 2.659092 1.990726
v -1.022774 2.642214 2.096403
v -0.673723 2.642212 2.097288
v -1.023039 2.659091 2.202962
v -0.673992 2.659090 2.203846
v -1.023284 2.708071 2.299093
v -0.674234 2.708071 2.299975
v -1.023479 2.784359 2.375376
v -0.674427 2.784359 2.376263
v -1.023594 2.880486 2.424358
v -0.674548 2.880491 2.425241
v -1.023641 2.987047 2.441232
v -0.674592 2.987046 2.442118
v -1.023598 3.093609 2.424358
v -0.674548 3.093609 2.425241
v -1.023477 3.189737 2.375376
v -0.674424 3.189734 2.376262
v -1.023285 3.266025 2.299093
v -0.674234 3.266022 2.299975
v -1.023041 3.315004 2.202962
v -0.673986 3.315004 2.203846
v -0.673230 3.289102 2.094774
v -0.672992 3.274179 2.000537
v -0.672777 3.230863 1.915527
v -0.672609 3.163396 1.848060
v -0.672498 3.078382 1.804744
v -0.672460 2.984150 1.789817
v -0.672494 2.889912 1.804744
v -0.672603 2.804900 1.848060
v -0.672777 2.737435 1.915525
v -0.672990 2.694120 2.000539
v -0.673230 2.679195 2.094774
v -0.673464 2.694120 2.189008
v -0.673686 2.737435 2.274018
v -0.673856 2.804899 2.341482
v -0.673963 2.889911 2.384799
v -0.674006 2.984150 2.399726
v -0.673965 3.078386 2.384799
v -0.673859 3.163395 2.341484
v -0.673685 3.230863 2.274018
v -0.673465 3.274179 2.189008
v -0.434015 3.289103 2.095378
v -0.433778 3.274177 2.001142
v -0.433560 3.230861 1.916129
v -0.433391 3.163396 1.848668
v -0.433280 3.078385 1.805349
v -0.433240 2.984150 1.790429
v -0.433280 2.889912 1.805349
v -0.433390 2.804903 1.848668
v -0.433561 2.737435 1.916129
v -0.433777 2.694119 2.001141
v -0.434011 2.679193 2.095378
v -0.434254 2.694119 2.189615
v -0.434465 2.737435 2.274626
v -0.434641 2.804903 2.342089
v -0.434752 2.889915 2.385410
v -0.434786 2.984149 2.400334
v -0.434751 3.078385 2.385410
v -0.434642 3.163395 2.342090
v -0.434465 3.230860 2.274626
v -0.434255 3.274177 2.189614
vn 0.9925 -0.0000 0.1219
vn 0.9440 0.3090 0.1159
vn 0.8030 0.5878 0.0986
vn 0.5834 0.8090 0.0716
vn 0.3067 0.9511 0.0377
vn -0.0000 1.0000 -0.0000
vn -0.3067 0.9511 -0.0377
vn -0.5834 0.8090 -0.0716
vn -0.8030 0.5878 -0.0986
vn -0.9440 0.3090 -0.1159
vn -0.9925 -0.0000 -0.1219
vn -0.9440 -0.3090 -0.1159
vn -0.8030 -0.5878 -0.0986
vn -0.5834 -0.8090 -0.0716
vn -0.3067 -0.9511 -0.0377
vn -0.0000 -1.0000 -0.0000
vn 0.3067 -0.9511 0.0377
vn 0.5834 -0.8090 0.0716
vn 0.8030 -0.5878 0.0986
vn 0.9440 -0.3090 0.1159
vn -0.1219 -0.0000 0.9925
vn 0.1219 -0.0000 -0.9925
vn -0.0214 -0.9845 0.1743
vn 0.9665 0.2276 0.1183
vn 0.9668 0.2263 0.1187
vn -0.9679 0.2213 -0.1194
vn -0.9675 0.2233 -0.1188
vn 0.1219 -0.0001 -0.9925
vn 0.1219 0.0006 -0.9925
vn 0.1219 -0.0002 -0.9925
vn -0.1219 0.0003 0.9925
vn -0.1219 0.0006 0.9925
vn -0.0060 1.0000 -0.0023
vn -0.0000 1.0000 -0.0026
vn -0.0007 1.0000 -0.0025
vn -0.0067 1.0000 -0.0023
vn -0.8939 0.4345 -0.1100
vn -0.8955 0.4310 -0.1113
vn 0.8906 0.4415 0.1092
vn 0.8896 0.4437 0.1084
vn 0.1218 -0.0000 -0.9925
vn -0.0481 0.9187 0.3920
vn -0.1218 -0.0000 0.9925
vn -0.1067 0.4835 0.8688
vn -0.1174 0.2688 0.9560
vn -0.1168 0.2853 0.9513
vn -0.1187 0.2262 0.9668
vn -0.1187 0.2261 0.9668
vn -0.1197 0.1874 0.9750
vn -0.1213 0.0982 0.9877
vn -0.1213 0.0982 0.9878
vn -0.1218 0.0207 0.9923
vn -0.1218 0.0208 0.9923
vn -0.0210 -0.9850 0.1712
vn 0.1213 -0.0978 -0.9878
vn 0.1208 -0.1326 -0.9838
vn 0.1202 -0.1640 -0.9791
vn 0.1200 -0.1766 -0.9769
vn 0.1193 -0.2050 -0.9715
vn 0.1190 -0.2174 -0.9688
vn 0.1190 -0.2159 -0.9691
vn 0.9771 0.1760 0.1194
vn 0.9925 -0.0002 0.1219
vn 0.9925 -0.0003 0.1219
vn 0.9792 0.1644 0.1190
vn 0.9814 0.1385 0.1329
vn 0.9639 0.2227 0.1462
vn 0.9678 0.2218 0.1191
vn 0.9744 0.1892 0.1218
vn 0.9925 -0.0004 0.1219
vn 0.9950 0.0606 0.0798
vn 0.9829 0.1554 0.0986
vn 0.9831 0.1709 0.0655
vn 0.9810 0.1925 0.0259
vn 0.8901 0.4269 -0.1596
vn 0.9404 0.3399 0.0081
vn 0.9350 0.3399 0.1010
vn 0.9391 0.3240 0.1146
vn 0.9149 0.3710 0.1590
vn 0.9183 0.3743 0.1287
vn 0.9815 0.1588 0.1073
vn 0.9325 0.3446 0.1078
vn 0.9849 -0.0830 0.1517
vn 0.9854 -0.0763 0.1524
vn 0.9842 0.0585 0.1668
vn 0.9809 0.0955 0.1692
vn 0.9781 0.1167 0.1724
vn -0.9770 0.1760 -0.1205
vn -0.9925 0.0003 -0.1219
vn -0.9790 0.1637 -0.1215
vn -0.9842 0.1397 -0.1084
vn -0.9706 0.2227 -0.0913
vn -0.9678 0.2218 -0.1186
vn -0.9746 0.1906 -0.1175
vn -0.9925 0.0004 -0.1219
vn -0.9847 0.0606 -0.1632
vn -0.9773 0.1585 -0.1407
vn -0.9679 0.1783 -0.1774
vn -0.9581 0.1925 -0.2123
vn -0.9925 0.0002 -0.1219
vn -0.8232 0.4291 -0.3718
vn -0.9078 0.3536 -0.2255
vn -0.9318 0.3404 -0.1261
vn -0.9389 0.3240 -0.1160
vn -0.9262 0.3710 -0.0671
vn -0.9222 0.3743 -0.0972
vn -0.9783 0.1588 -0.1334
vn -0.9309 0.3446 -0.1210
vn -0.9924 -0.0830 -0.0911
vn -0.9954 0.0585 -0.0763
vn -0.9929 -0.0770 -0.0905
vn -0.9928 0.0944 -0.0731
vn -0.9906 0.1176 -0.0694
vn 0.1202 0.1652 -0.9789
vn 0.1200 0.1723 -0.9777
vn 0.1213 0.0962 -0.9879
vn 0.1213 0.0961 -0.9880
vn 0.1218 0.0294 -0.9921
vn 0.1219 -0.0067 -0.9925
vn 0.1218 -0.0067 -0.9925
vn 0.1216 -0.0635 -0.9905
vn 0.1218 -0.0434 -0.9916
vn 0.1218 0.0138 -0.9925
vn 0.1218 0.0137 -0.9925
vn -0.0066 0.9985 0.0537
vn -0.0052 0.9991 0.0423
vn -0.0042 0.9994 0.0338
vn -0.0041 0.9994 0.0338
vn -0.0032 0.9997 0.0259
vn -0.0006 1.0000 0.0058
vn -0.0008 1.0000 0.0059
vn 0.0148 0.9926 -0.1207
vn 0.0148 0.9926 -0.1208
vn 0.0256 0.9777 -0.2083
vn -0.0089 0.9973 0.0730
vn -0.0000 1.0000 0.0013
vn -0.0090 0.9973 0.0730
vn 0.0503 0.9107 -0.4099
vn 0.0370 0.9530 -0.3008
vn 0.0369 0.9530 -0.3008
vn -0.0003 1.0000 0.0033
vn -0.0177 0.9894 0.1444
vn -0.1219 -0.0019 0.9925
vn -0.1219 -0.0020 0.9925
vn -0.1134 0.3655 0.9239
vn -0.1134 0.3657 0.9238
vn -0.1124 0.3870 0.9152
vn -0.1124 0.3871 0.9152
vn 0.0010 -1.0000 -0.0081
vn 0.0319 -0.9652 -0.2596
vn 0.0011 -1.0000 -0.0081
vn 0.0605 -0.8682 -0.4924
vn 0.0266 -0.9760 -0.2162
vn 0.0495 -0.9138 -0.4031
vn 0.0261 -0.9767 -0.2129
vn 0.0265 -0.9760 -0.2162
vn -0.0146 -0.9928 0.1185
vn -0.0075 -0.9981 0.0608
vn -0.0073 -0.9982 0.0595
vn 0.0007 -1.0000 -0.0056
vn 0.0006 -1.0000 -0.0059
vn 0.0007 -1.0000 -0.0058
vn 0.0006 -1.0000 -0.0056
vn -0.0421 0.9385 0.3428
vn -0.0000 1.0000 0.0024
vn -0.0898 0.6758 0.7316
vn -0.0994 0.5779 0.8100
vn -0.1123 -0.3886 0.9145
vn -0.1193 -0.2055 0.9714
vn -0.1123 -0.3886 0.9146
vn -0.0925 -0.6514 0.7531
vn -0.0441 -0.9323 0.3591
vn -0.0441 -0.9322 0.3591
vn 0.0376 -0.9513 -0.3059
vn 0.0911 -0.6640 -0.7422
vn 0.1209 -0.1234 -0.9850
vn 0.1100 0.4308 -0.8957
vn 0.0925 0.6507 -0.7537
vn 0.0926 0.6507 -0.7537
vn 0.0863 0.7063 -0.7026
vn 0.0402 0.9441 -0.3272
vn 0.0910 0.6649 -0.7413
vn 0.1118 0.3973 -0.9109
vn 0.1119 0.3973 -0.9108
vn 0.1214 -0.0863 -0.9888
vn 0.1016 -0.5516 -0.8279
vn 0.1017 -0.5516 -0.8279
vn 0.0494 -0.9140 -0.4026
vn -0.0391 0.9472 0.3182
vn -0.0848 0.7186 0.6902
vn -0.0847 0.7186 0.6903
vn -0.1025 0.5409 0.8348
vn -0.1149 0.3339 0.9356
vn -0.0425 -0.9372 0.3463
vn -0.0974 -0.6013 0.7931
vn -0.1216 0.0633 0.9906
vn -0.1176 -0.2609 0.9582
vn -0.1176 -0.2608 0.9582
vn -0.0020 -0.9999 0.0163
vn -0.0027 -0.9997 0.0222
vn -0.0012 -0.9999 0.0105
vn 0.2658 0.0234 0.9638
vn -0.1158 0.3503 0.9294
vn 0.2512 0.3268 0.9111
vn -0.1238 0.0295 0.9919
vn -0.4673 0.3263 0.8216
vn -0.4943 0.0234 0.8690
vn 0.2646 -0.2794 0.9230
vn -0.1180 -0.3031 0.9456
vn -0.4832 -0.2789 0.8299
vn 0.1078 -0.9888 0.1034
vn -0.0137 -0.9942 0.1066
vn -0.0123 -0.9955 0.0942
vn 0.1143 -0.9889 0.0950
vn -0.1308 -0.9886 0.0742
vn -0.1352 -0.9887 0.0644
vn -0.1218 0.0381 0.9918
vn 0.9925 -0.0001 0.1219
vn 0.9855 0.1188 0.1210
vn 0.9854 0.1214 0.1195
vn 0.9853 0.1205 0.1214
vn 0.9831 0.1368 0.1219
vn 0.9894 0.0760 0.1241
vn 0.9198 0.3721 0.1242
vn 0.9502 0.2923 0.1086
vn 0.9631 0.2513 0.0968
vn 0.9660 0.2426 0.0892
vn 0.9666 0.2386 0.0937
vn 0.9640 0.2383 0.1176
vn -0.9925 0.0001 -0.1219
vn -0.9855 0.1188 -0.1210
vn -0.9850 0.1214 -0.1224
vn -0.9854 0.1205 -0.1205
vn -0.9833 0.1368 -0.1196
vn -0.9900 0.0760 -0.1189
vn -0.9226 0.3721 -0.1021
vn -0.9482 0.2922 -0.1245
vn -0.9579 0.2513 -0.1390
vn -0.9589 0.2426 -0.1472
vn -0.9603 0.2395 -0.1428
vn -0.9639 0.2383 -0.1191
vn -0.1219 -0.0067 0.9925
vn -0.1219 0.0005 0.9925
vn -0.1219 0.0067 0.9925
vn 0.0308 0.9676 -0.2507
vn -0.0000 1.0000 -0.0004
vn 0.0360 0.9553 -0.2934
vn 0.1191 0.2130 -0.9698
vn 0.1000 0.5716 -0.8144
vn 0.0773 0.7732 -0.6295
vn 0.1218 -0.0191 -0.9924
vn 0.1219 -0.0026 -0.9925
vn 0.1218 -0.0357 -0.9919
vn 0.1124 -0.3858 -0.9157
vn -0.0000 -1.0000 -0.0002
vn -0.0323 -0.9642 0.2630
vn -0.0301 -0.9690 0.2452
vn -0.0141 -0.9933 0.1144
vn -0.0140 -0.9933 0.1144
vn -0.0006 -1.0000 0.0066
vn -0.0007 -1.0000 0.0066
vn -0.0015 -0.9999 0.0132
vn -0.0016 -0.9999 0.0132
vn 0.1219 0.0011 -0.9925
vn -0.0000 1.0000 0.0006
vn -0.1219 -0.0101 0.9925
vn -0.1219 -0.0102 0.9925
vn -0.0000 -1.0000 -0.0008
vn -0.1187 0.2260 0.9669
vn -0.1187 0.2261 0.9669
vn -0.1004 0.5662 0.8181
vn -0.0929 0.6470 0.7568
vn -0.0970 0.6055 0.7899
vn -0.1219 -0.0015 0.9925
vn -0.1218 -0.0121 0.9925
vn -0.1218 -0.0122 0.9925
vn 0.0457 -0.9269 -0.3725
vn 0.0668 -0.8365 -0.5439
vn 0.0967 -0.6084 -0.7877
vn 0.1113 -0.4063 -0.9069
vn 0.1198 -0.1848 -0.9754
vn 0.1198 -0.1848 -0.9755
vn 0.1217 -0.0473 -0.9914
vn 0.1217 -0.0470 -0.9915
vn 0.9802 0.1771 0.0881
vn 0.9792 0.1716 0.1084
vn 0.9716 0.2043 0.1193
vn 0.9839 0.1545 0.0900
vn 0.9820 0.1488 0.1161
vn 0.9848 0.1401 0.1023
vn 0.9839 0.1353 0.1171
vn 0.9843 0.1343 0.1145
vn 0.9831 0.1356 0.1227
vn 0.9812 0.1413 0.1314
vn 0.9819 0.1438 0.1233
vn 0.9730 0.1654 0.1612
vn 0.9621 0.1906 0.1952
vn 0.9013 0.2702 0.3385
vn -0.9803 -0.1771 -0.0881
vn -0.9719 -0.2029 -0.1193
vn -0.9792 -0.1716 -0.1084
vn -0.9839 -0.1545 -0.0900
vn -0.9820 -0.1488 -0.1161
vn -0.9848 -0.1401 -0.1023
vn -0.9839 -0.1353 -0.1171
vn -0.9843 -0.1343 -0.1145
vn -0.9831 -0.1356 -0.1228
vn -0.9812 -0.1413 -0.1314
vn -0.9819 -0.1438 -0.1233
vn -0.9730 -0.1654 -0.1612
vn -0.9621 -0.1906 -0.1952
vn -0.9014 -0.2702 -0.3384
vn -0.1219 -0.0001 0.9925
vn -0.0373 -0.9519 0.3040
vn -0.0284 -0.9724 0.2315
vn -0.0193 -0.9873 0.1576
vn -0.0045 -0.9993 0.0364
vn 0.0114 -0.9956 -0.0929
vn 0.0483 -0.9181 -0.3934
vn 0.0482 -0.9186 -0.3923
vn 0.0797 -0.7568 -0.6488
vn 0.1219 0.0013 -0.9925
vn -0.1219 -0.0013 0.9925
vn -0.1218 -0.0000 0.9926
vn -0.9924 0.0184 -0.1219
vn -0.9392 -0.3236 -0.1153
vn -0.9392 -0.3235 -0.1153
vn 0.9924 -0.0171 0.1219
vn 0.9369 0.3301 0.1150
vn -0.8528 -0.5115 -0.1047
vn -0.8529 -0.5115 -0.1047
vn 0.8493 0.5175 0.1043
vn -0.0109 0.9999 -0.0013
vn -0.2934 0.9553 -0.0360
vn -0.0109 0.9999 -0.0014
vn -0.7018 0.7071 -0.0862
vn 0.5678 -0.8202 0.0697
vn 0.7088 -0.7000 0.0871
vn 0.7088 -0.7000 0.0870
vn -0.9240 0.3653 -0.1134
vn 0.9232 -0.3673 0.1133
vn 0.9231 -0.3674 0.1133
vn 0.1219 -0.0012 -0.9925
vn -0.1219 0.0012 0.9925
vn 0.1219 0.0012 -0.9925
vn -0.1219 -0.0012 0.9925
vn 0.7131 0.6956 0.0876
vn 0.7131 0.6955 0.0876
vn -0.7517 -0.6531 -0.0923
vn -0.7187 0.6897 -0.0883
vn 0.7563 -0.6476 0.0929
vn -0.1218 0.0012 0.9925
vn 0.1218 0.0012 -0.9925
vn 0.7038 0.7051 0.0864
vn -0.7667 -0.6351 -0.0941
vn -0.7666 -0.6351 -0.0941
vn -0.3737 0.9264 -0.0459
vn -0.6924 0.7165 -0.0850
vn 0.7582 -0.6453 0.0931
vn 0.7583 -0.6453 0.0931
vn -0.0142 -0.9932 0.1160
vn -0.9684 -0.2218 -0.1140
vn -0.9788 -0.1794 -0.0989
vn -0.9764 -0.1871 -0.1077
vn -0.9669 -0.2260 -0.1187
vn 0.9788 0.1793 0.0989
vn 0.9622 0.2475 0.1133
vn 0.9764 0.1871 0.1077
vn 0.9606 0.2516 0.1179
vn 0.0731 -0.8002 -0.5952
vn -0.1219 -0.0011 0.9925
vn -0.1219 -0.0024 0.9925
vn -0.1219 -0.0025 0.9925
vn -0.1219 -0.0014 0.9925
vn -0.9666 -0.2148 -0.1399
vn -0.9732 -0.1453 -0.1780
vn -0.9711 -0.1172 -0.2077
vn -0.9650 -0.2339 -0.1185
vn 0.9711 0.1172 0.2077
vn 0.9733 0.1453 0.1780
vn 0.9591 0.2464 0.1390
vn 0.9570 0.2653 0.1175
vn -0.9900 -0.0006 -0.1411
vn -0.9900 -0.0013 -0.1411
vn -0.1219 0.0001 0.9925
vn -0.0051 1.0000 -0.0047
vn -0.0084 0.9999 -0.0071
vn -0.0026 1.0000 -0.0021
vn 0.0008 1.0000 -0.0000
vn 0.0091 -0.9999 0.0072
vn 0.0057 -1.0000 0.0048
vn 0.0025 -1.0000 0.0020
vn -0.0009 -1.0000 -0.0000
vn -0.9939 -0.0135 -0.1092
vn -0.9939 -0.0139 -0.1092
vn -0.9939 -0.0140 -0.1092
vn -0.1260 -0.0001 0.9920
vn -0.1275 -0.0001 0.9918
vn -0.1275 0.0001 0.9918
vn -0.1242 0.0006 0.9923
vn 0.1219 0.0005 -0.9925
vn -0.0067 1.0000 0.0010
vn -0.0061 1.0000 0.0008
vn -0.0086 1.0000 0.0020
vn -0.0044 1.0000 -0.0005
vn 0.0089 -1.0000 -0.0020
vn 0.0063 -1.0000 -0.0005
vn 0.0070 -1.0000 -0.0010
vn 0.0045 -1.0000 0.0006
vn 0.9453 0.3050 0.1161
vn 0.9453 0.3049 0.1161
vn -0.9599 -0.2542 -0.1179
vn 0.9368 0.3305 0.1150
vn -0.9561 -0.2685 -0.1174
vn -0.9060 -0.0013 -0.4234
vn -0.8623 0.2926 -0.4133
vn -0.7309 0.5592 -0.3913
vn -0.5238 0.7723 -0.3595
vn -0.2608 0.9105 -0.3208
vn 0.0326 0.9597 -0.2791
vn 0.3274 0.9143 -0.2384
vn 0.5941 0.7784 -0.2031
vn 0.8058 0.5652 -0.1766
vn 0.9413 0.2963 -0.1617
vn 0.9872 -0.0015 -0.1597
vn 0.9391 -0.2981 -0.1708
vn 0.8026 -0.5642 -0.1938
vn 0.5916 -0.7739 -0.2261
vn 0.3274 -0.9070 -0.2647
vn 0.0360 -0.9514 -0.3058
vn -0.2544 -0.9033 -0.3453
vn -0.5160 -0.7678 -0.3797
vn -0.7239 -0.5581 -0.4056
vn -0.8582 -0.2942 -0.4206
vn -0.8972 0.0017 -0.4416
vn -0.8530 0.2945 -0.4308
vn -0.7214 0.5595 -0.4081
vn -0.5147 0.7707 -0.3755
vn -0.2530 0.9071 -0.3363
vn 0.0382 0.9550 -0.2943
vn 0.3303 0.9092 -0.2536
vn 0.5942 0.7741 -0.2183
vn 0.8039 0.5630 -0.1920
vn 0.9384 0.2967 -0.1773
vn 0.9844 0.0018 -0.1757
vn 0.9378 -0.2925 -0.1871
vn 0.8032 -0.5573 -0.2105
vn 0.5943 -0.7665 -0.2434
vn 0.3319 -0.9000 -0.2825
vn 0.0417 -0.9451 -0.3241
vn -0.2478 -0.8978 -0.3641
vn -0.5089 -0.7630 -0.3987
vn -0.7162 -0.5538 -0.4246
vn -0.8500 -0.2905 -0.4394
vn 0.1218 -0.0000 -0.9926
vn -0.9950 0.0008 0.0996
vn -0.9473 0.3018 0.1077
vn -0.8097 0.5731 0.1260
vn -0.5959 0.7884 0.1526
vn -0.3265 0.9269 0.1851
vn -0.0277 0.9750 0.2203
vn 0.2717 0.9281 0.2547
vn 0.5423 0.7904 0.2850
vn 0.7578 0.5751 0.3082
vn 0.8969 0.3031 0.3220
vn 0.9457 0.0008 0.3250
vn 0.8991 -0.3019 0.3170
vn 0.7615 -0.5752 0.2986
vn 0.5465 -0.7922 0.2717
vn 0.2751 -0.9312 0.2390
vn -0.0257 -0.9787 0.2037
vn -0.3262 -0.9300 0.1692
vn -0.5968 -0.7902 0.1390
vn -0.8111 -0.5733 0.1160
vn -0.9482 -0.3007 0.1025
vn -0.9940 -0.0010 0.1096
vn -0.9467 0.2999 0.1178
vn -0.8094 0.5712 0.1362
vn -0.5957 0.7865 0.1629
vn -0.3263 0.9248 0.1954
vn -0.0275 0.9727 0.2304
vn 0.2715 0.9254 0.2645
vn 0.5416 0.7873 0.2945
vn 0.7564 0.5720 0.3173
vn 0.8947 0.3004 0.3307
vn 0.9428 -0.0010 0.3334
vn 0.8959 -0.3026 0.3252
vn 0.7587 -0.5747 0.3067
vn 0.5445 -0.7907 0.2799
vn 0.2743 -0.9293 0.2474
vn -0.0253 -0.9769 0.2123
vn -0.3248 -0.9288 0.1782
vn -0.5950 -0.7899 0.1483
vn -0.8092 -0.5740 0.1256
vn -0.9467 -0.3021 0.1122
vn 0.1220 -0.0000 -0.9925
vn -0.9973 -0.0002 -0.0740
vn -0.9490 0.3081 -0.0669
vn -0.8088 0.5862 -0.0472
vn -0.5834 0.8090 -0.0717
vn -0.5901 0.8072 -0.0172
vn -0.3067 0.9511 -0.0376
vn -0.3140 0.9492 0.0197
vn -0.0076 0.9982 0.0591
vn 0.2991 0.9493 0.0968
vn 0.5834 0.8090 0.0717
vn 0.5759 0.8072 0.1292
vn 0.7954 0.5862 0.1538
vn 0.9363 0.3079 0.1687
vn 0.9849 -0.0003 0.1732
vn 0.9365 -0.3084 0.1671
vn 0.7957 -0.5865 0.1510
vn 0.5834 -0.8090 0.0717
vn 0.5764 -0.8075 0.1258
vn 0.2997 -0.9494 0.0933
vn -0.0069 -0.9984 0.0562
vn -0.3135 -0.9494 0.0176
vn -0.5897 -0.8074 -0.0184
vn -0.8086 -0.5864 -0.0478
vn -0.9490 -0.3080 -0.0673
vn -0.9997 0.0003 -0.0258
vn -0.9542 0.2986 -0.0175
vn -0.8203 0.5719 0.0045
vn -0.6059 0.7946 0.0372
vn -0.3280 0.9416 0.0766
vn -0.0143 0.9930 0.1174
vn 0.2999 0.9413 0.1548
vn 0.5788 0.7941 0.1852
vn 0.7943 0.5712 0.2069
vn 0.9290 0.2980 0.2195
vn 0.9747 0.0001 0.2234
vn 0.9292 -0.2978 0.2188
vn 0.7949 -0.5711 0.2052
vn 0.5797 -0.7941 0.1823
vn 0.3011 -0.9417 0.1505
vn -0.0132 -0.9937 0.1117
vn -0.3273 -0.9423 0.0700
vn -0.6058 -0.7951 0.0309
vn -0.8205 -0.5717 -0.0006
vn -0.9544 -0.2977 -0.0200
vn -0.1551 -0.0000 0.9879
vn -0.1535 0.0099 0.9881
vn -0.1534 0.0100 0.9881
vn -0.1487 0.0188 0.9887
vn -0.1486 0.0190 0.9887
vn -0.1414 0.0259 0.9896
vn -0.1412 0.0261 0.9896
vn -0.1321 0.0305 0.9908
vn -0.1320 0.0306 0.9908
vn -0.1218 0.0321 0.9920
vn -0.1115 0.0305 0.9933
vn -0.1117 0.0305 0.9933
vn -0.1023 0.0259 0.9944
vn -0.1024 0.0260 0.9944
vn -0.0949 0.0188 0.9953
vn -0.0951 0.0190 0.9953
vn -0.0903 0.0099 0.9959
vn -0.0903 0.0100 0.9959
vn -0.0886 -0.0000 0.9961
vn -0.0902 -0.0099 0.9959
vn -0.0902 -0.0100 0.9959
vn -0.0948 -0.0189 0.9953
vn -0.0950 -0.0190 0.9953
vn -0.1022 -0.0260 0.9944
vn -0.1023 -0.0262 0.9944
vn -0.1114 -0.0307 0.9933
vn -0.1116 -0.0307 0.9933
vn -0.1218 -0.0323 0.9920
vn -0.1322 -0.0307 0.9907
vn -0.1320 -0.0308 0.9908
vn -0.1415 -0.0261 0.9896
vn -0.1413 -0.0262 0.9896
vn -0.1489 -0.0189 0.9887
vn -0.1487 -0.0191 0.9887
vn -0.1535 -0.0099 0.9881
vn -0.1535 -0.0101 0.9881
vn -0.9472 0.2987 -0.1163
vn -0.8132 0.5734 -0.0998
vn -0.8131 0.5734 -0.0998
vn -0.5976 0.7984 -0.0734
vn -0.3172 0.9476 -0.0389
vn 0.3172 0.9476 0.0390
vn 0.5976 0.7984 0.0734
vn 0.8132 0.5734 0.0998
vn 0.8131 0.5734 0.0998
vn 0.9472 0.2987 0.1163
vn 0.9472 -0.2987 0.1163
vn 0.8132 -0.5734 0.0998
vn 0.8131 -0.5734 0.0999
vn 0.5976 -0.7984 0.0734
vn 0.3172 -0.9476 0.0390
vn -0.3172 -0.9476 -0.0389
vn -0.3172 -0.9476 -0.0390
vn -0.5976 -0.7984 -0.0734
vn -0.8131 -0.5734 -0.0998
vn -0.8132 -0.5734 -0.0998
vn -0.9472 -0.2987 -0.1163
vn -0.9925 -0.0000 -0.1218
vn 0.3067 0.9511 0.0376
vn 0.9925 -0.0000 0.1218
vn 0.3067 -0.9511 0.0376
vn -0.3067 -0.9511 -0.0376
vn 0.0575 0.0002 -0.9983
vn 0.0575 -0.0002 -0.9983
vn 0.0598 0.0199 -0.9980
vn 0.0600 0.0205 -0.9980
vn 0.0680 0.0388 -0.9969
vn 0.0685 0.0395 -0.9969
vn 0.0817 0.0546 -0.9952
vn 0.0824 0.0552 -0.9951
vn 0.0999 0.0657 -0.9928
vn 0.1008 0.0661 -0.9927
vn 0.1212 0.0708 -0.9901
vn 0.1221 0.0708 -0.9900
vn 0.1433 0.0687 -0.9873
vn 0.1441 0.0685 -0.9872
vn 0.1640 0.0593 -0.9847
vn 0.1644 0.0590 -0.9846
vn 0.1806 0.0434 -0.9826
vn 0.1808 0.0432 -0.9826
vn 0.1911 0.0227 -0.9813
vn 0.1911 0.0229 -0.9813
vn 0.1942 -0.0002 -0.9810
vn 0.1942 0.0003 -0.9810
vn 0.1896 -0.0226 -0.9816
vn 0.1899 -0.0219 -0.9816
vn 0.1783 -0.0420 -0.9831
vn 0.1789 -0.0413 -0.9830
vn 0.1617 -0.0564 -0.9852
vn 0.1626 -0.0559 -0.9851
vn 0.1421 -0.0648 -0.9877
vn 0.1430 -0.0645 -0.9876
vn 0.1212 -0.0666 -0.9904
vn 0.1221 -0.0666 -0.9903
vn 0.1013 -0.0622 -0.9929
vn 0.1019 -0.0624 -0.9928
vn 0.0838 -0.0522 -0.9951
vn 0.0841 -0.0525 -0.9951
vn 0.0700 -0.0377 -0.9968
vn 0.0701 -0.0378 -0.9968
vn 0.0610 -0.0199 -0.9979
vn 0.0610 -0.0198 -0.9979
vn -0.0316 0.9658 0.2574
vn -0.3278 0.9185 0.2211
vn -0.1828 0.1941 0.9638
vn -0.1189 0.2066 0.9712
vn -0.1195 0.2065 0.9711
vn -0.1809 0.1949 0.9640
vn 0.0577 0.1948 -0.9791
vn 0.1190 0.2065 -0.9712
vn 0.1196 0.2065 -0.9711
vn 0.0557 0.1941 -0.9794
vn -0.2646 0.9185 -0.2938
vn 0.0316 0.9658 -0.2574
vn -0.5951 0.7813 0.1882
vn -0.2373 0.1611 0.9580
vn -0.2348 0.1632 0.9582
vn 0.0040 0.1632 -0.9866
vn 0.0015 0.1611 -0.9869
vn -0.5318 0.7813 -0.3266
vn -0.8071 0.5677 0.1622
vn -0.2767 0.1130 0.9543
vn -0.2747 0.1164 0.9544
vn -0.0357 0.1164 -0.9926
vn -0.0377 0.1130 -0.9929
vn -0.7439 0.5677 -0.3526
vn -0.9433 0.2984 0.1455
vn -0.2980 0.0565 0.9529
vn -0.2971 0.0606 0.9529
vn -0.0578 0.0606 -0.9965
vn -0.0586 0.0565 -0.9967
vn -0.8801 0.2984 -0.3694
vn -0.9902 -0.0000 0.1397
vn -0.3006 -0.0017 0.9537
vn -0.3010 0.0022 0.9536
vn -0.0613 0.0022 -0.9981
vn -0.0609 -0.0017 -0.9981
vn -0.9270 -0.0000 -0.3751
vn -0.9433 -0.2984 0.1455
vn -0.2862 -0.0559 0.9565
vn -0.2875 -0.0528 0.9563
vn -0.0476 -0.0528 -0.9975
vn -0.0463 -0.0559 -0.9974
vn -0.8801 -0.2984 -0.3693
vn -0.8071 -0.5677 0.1622
vn -0.2576 -0.1021 0.9608
vn -0.2592 -0.1001 0.9606
vn -0.0191 -0.1001 -0.9948
vn -0.0175 -0.1020 -0.9946
vn -0.7439 -0.5677 -0.3526
vn -0.5951 -0.7813 0.1882
vn -0.2181 -0.1371 0.9662
vn -0.2195 -0.1362 0.9661
vn 0.0208 -0.1362 -0.9905
vn 0.0221 -0.1371 -0.9903
vn -0.5318 -0.7813 -0.3266
vn -0.3278 -0.9185 0.2211
vn -0.1712 -0.1592 0.9723
vn -0.1718 -0.1590 0.9722
vn 0.0685 -0.1590 -0.9849
vn 0.0691 -0.1591 -0.9848
vn -0.2646 -0.9185 -0.2938
vn -0.0316 -0.9658 0.2574
vn -0.1204 -0.1671 0.9786
vn -0.1199 -0.1671 0.9786
vn 0.1204 -0.1671 -0.9786
vn 0.1200 -0.1671 -0.9786
vn 0.0316 -0.9658 -0.2574
vn 0.2646 -0.9185 0.2938
vn -0.0690 -0.1605 0.9846
vn -0.0676 -0.1601 0.9848
vn 0.1726 -0.1601 -0.9719
vn 0.1712 -0.1605 -0.9721
vn 0.3278 -0.9185 -0.2210
vn 0.5318 -0.7813 0.3266
vn -0.0209 -0.1393 0.9900
vn -0.0188 -0.1380 0.9903
vn 0.2212 -0.1380 -0.9654
vn 0.2193 -0.1393 -0.9657
vn 0.5951 -0.7813 -0.1882
vn 0.7439 -0.5677 0.3526
vn 0.0203 -0.1044 0.9943
vn 0.0224 -0.1019 0.9945
vn 0.2623 -0.1019 -0.9596
vn 0.2602 -0.1044 -0.9599
vn 0.8071 -0.5677 -0.1622
vn 0.8801 -0.2984 0.3693
vn 0.0506 -0.0575 0.9971
vn 0.0521 -0.0540 0.9972
vn 0.2918 -0.0540 -0.9550
vn 0.2902 -0.0575 -0.9552
vn 0.9433 -0.2984 -0.1455
vn 0.9270 -0.0000 0.3751
vn 0.0661 -0.0018 0.9978
vn 0.0665 0.0024 0.9978
vn 0.3059 0.0024 -0.9521
vn 0.3055 -0.0018 -0.9522
vn 0.9902 -0.0000 -0.1397
vn 0.8801 0.2984 0.3693
vn 0.0636 0.0581 0.9963
vn 0.0627 0.0621 0.9961
vn 0.3018 0.0621 -0.9513
vn 0.3027 0.0581 -0.9513
vn 0.9433 0.2984 -0.1455
vn 0.7439 0.5677 0.3526
vn 0.0414 0.1159 0.9924
vn 0.0397 0.1189 0.9921
vn 0.2784 0.1189 -0.9531
vn 0.2802 0.1159 -0.9529
vn 0.8071 0.5677 -0.1622
vn 0.5318 0.7813 0.3266
vn 0.0004 0.1642 0.9864
vn -0.0015 0.1657 0.9862
vn 0.2372 0.1657 -0.9572
vn 0.2390 0.1642 -0.9570
vn 0.5951 0.7813 -0.1882
vn 0.2646 0.9185 0.2938
vn -0.0556 0.1961 0.9790
vn -0.0565 0.1964 0.9789
vn 0.1820 0.1964 -0.9635
vn 0.1829 0.1961 -0.9634
vn 0.3278 0.9185 -0.2210
vn -0.0316 0.9658 0.2575
vn -0.1195 0.2066 0.9711
vn 0.0577 0.1949 -0.9791
vn 0.1190 0.2066 -0.9712
vn 0.1196 0.2066 -0.9711
vn -0.5950 0.7813 0.1882
vn -0.2348 0.1633 0.9582
vn 0.0040 0.1633 -0.9866
vn -0.2768 0.1130 0.9543
vn -0.2748 0.1164 0.9544
vn -0.8801 0.2984 -0.3693
vn -0.9902 -0.0000 0.1398
vn -0.3010 0.0023 0.9536
vn -0.0614 0.0022 -0.9981
vn -0.0610 -0.0017 -0.9981
vn -0.2862 -0.0560 0.9565
vn -0.2875 -0.0529 0.9563
vn -0.2577 -0.1021 0.9608
vn -0.2593 -0.1001 0.9606
vn -0.0192 -0.1001 -0.9948
vn -0.0175 -0.1021 -0.9946
vn 0.0207 -0.1362 -0.9905
vn 0.0691 -0.1592 -0.9848
vn -0.0188 -0.1380 0.9902
vn 0.2213 -0.1380 -0.9654
vn 0.7439 -0.5677 0.3527
vn 0.0225 -0.1020 0.9945
vn 0.2603 -0.1044 -0.9599
vn 0.8800 -0.2984 0.3694
vn 0.2918 -0.0540 -0.9549
vn 0.2903 -0.0575 -0.9552
vn 0.9433 -0.2984 -0.1454
vn 0.8800 0.2984 0.3694
vn 0.0628 0.0621 0.9961
vn 0.9433 0.2984 -0.1454
vn 0.7439 0.5677 0.3527
vn 0.2785 0.1189 -0.9531
vn -0.0014 0.1658 0.9862
vn 0.5950 0.7813 -0.1882
vn -0.0564 0.1964 0.9789
vn 0.9170 -0.3827 0.1126
vn 0.9926 -0.0000 0.1218
vn 0.7018 -0.7071 0.0862
vn 0.3798 -0.9239 0.0466
vn -0.3798 -0.9239 -0.0467
vn -0.7019 -0.7071 -0.0861
vn -0.7018 -0.7071 -0.0861
vn -0.9170 -0.3827 -0.1126
vn -0.9170 0.3827 -0.1126
vn -0.7019 0.7071 -0.0861
vn -0.7018 0.7071 -0.0861
vn -0.3798 0.9239 -0.0467
vn 0.3798 0.9239 0.0466
vn 0.7019 0.7071 0.0862
vn 0.7018 0.7071 0.0862
vn 0.9170 0.3827 0.1126
vn -0.9955 0.0005 -0.0952
vn -0.9200 0.3821 -0.0876
vn -0.9955 -0.0005 -0.0952
vn -0.9196 0.3830 -0.0875
vn -0.7048 0.7066 -0.0625
vn -0.7043 0.7072 -0.0624
vn -0.3827 0.9236 -0.0238
vn -0.3824 0.9237 -0.0238
vn -0.0028 0.9997 0.0225
vn 0.3771 0.9236 0.0695
vn 0.3767 0.9237 0.0694
vn 0.6990 0.7066 0.1099
vn 0.6985 0.7072 0.1098
vn 0.9138 0.3821 0.1376
vn 0.9134 0.3830 0.1376
vn 0.9889 -0.0005 0.1484
vn 0.9889 0.0005 0.1484
vn 0.9130 -0.3830 0.1407
vn 0.9133 -0.3821 0.1408
vn 0.6976 -0.7070 0.1156
vn 0.6982 -0.7065 0.1157
vn 0.3757 -0.9235 0.0770
vn 0.3761 -0.9234 0.0771
vn -0.0038 -0.9995 0.0307
vn -0.3832 -0.9235 -0.0162
vn -0.3836 -0.9234 -0.0162
vn -0.7049 -0.7070 -0.0566
vn -0.7054 -0.7065 -0.0566
vn -0.9199 -0.3830 -0.0843
vn -0.9203 -0.3821 -0.0844
vn -0.0974 -0.0006 0.9952
vn -0.0978 -0.0096 0.9952
vn -0.0976 0.0004 0.9952
vn -0.0981 -0.0106 0.9951
vn -0.1023 -0.0192 0.9946
vn -0.1028 -0.0199 0.9945
vn -0.1108 -0.0263 0.9935
vn -0.1112 -0.0265 0.9934
vn -0.1218 -0.0290 0.9921
vn -0.1329 -0.0263 0.9908
vn -0.1324 -0.0266 0.9908
vn -0.1413 -0.0192 0.9898
vn -0.1408 -0.0199 0.9898
vn -0.1458 -0.0096 0.9893
vn -0.1456 -0.0106 0.9893
vn -0.1461 0.0004 0.9893
vn -0.1463 -0.0006 0.9892
vn -0.1429 0.0091 0.9897
vn -0.1433 0.0084 0.9896
vn -0.1372 0.0158 0.9904
vn -0.1376 0.0154 0.9904
vn -0.1299 0.0199 0.9913
vn -0.1302 0.0198 0.9913
vn -0.1218 0.0212 0.9923
vn -0.1138 0.0199 0.9933
vn -0.1136 0.0198 0.9933
vn -0.1065 0.0158 0.9942
vn -0.1061 0.0154 0.9942
vn -0.1008 0.0091 0.9949
vn -0.1004 0.0084 0.9949
vn -0.3798 0.9239 -0.0466
vn -0.3798 -0.9239 -0.0466
vn -0.7018 -0.7071 -0.0862
vn -0.9925 -0.0001 -0.1218
vn -0.9063 -0.0000 -0.4226
vn -0.7314 -0.0000 -0.6820
vn -0.4848 -0.0000 -0.8746
vn -0.1908 -0.0000 -0.9816
vn 0.4226 -0.0000 -0.9063
vn 0.6820 -0.0000 -0.7314
vn 0.8746 -0.0000 -0.4848
vn 0.8746 -0.0001 -0.4848
vn 0.9816 -0.0000 -0.1908
vn 0.9063 -0.0000 0.4226
vn 0.7314 -0.0000 0.6820
vn 0.4848 -0.0000 0.8746
vn 0.1908 -0.0000 0.9816
vn -0.4226 -0.0000 0.9063
vn -0.6820 -0.0000 0.7314
vn -0.8746 -0.0000 0.4848
vn -0.9816 -0.0000 0.1908
vn -0.0113 -0.9999 -0.0015
vn -0.0113 -0.9999 -0.0013
vn -0.0105 -0.9999 -0.0048
vn -0.0104 -0.9999 -0.0049
vn -0.0087 -0.9999 -0.0080
vn -0.0086 -0.9999 -0.0082
vn -0.0060 -0.9999 -0.0106
vn -0.0058 -0.9999 -0.0107
vn -0.0025 -0.9999 -0.0123
vn -0.0022 -0.9999 -0.0124
vn 0.0014 -0.9999 -0.0128
vn 0.0017 -0.9999 -0.0128
vn 0.0055 -0.9999 -0.0120
vn 0.0057 -0.9999 -0.0119
vn 0.0092 -0.9999 -0.0098
vn 0.0117 -0.9999 -0.0065
vn 0.0118 -0.9999 -0.0065
vn 0.0130 -0.9999 -0.0025
vn 0.0130 -0.9999 -0.0026
vn 0.0131 -0.9999 0.0016
vn 0.0131 -0.9999 0.0014
vn 0.0116 -0.9999 0.0055
vn 0.0117 -0.9999 0.0053
vn 0.0090 -0.9999 0.0085
vn 0.0091 -0.9999 0.0084
vn 0.0058 -0.9999 0.0105
vn 0.0060 -0.9999 0.0105
vn 0.0022 -0.9999 0.0115
vn 0.0024 -0.9999 0.0114
vn -0.0014 -0.9999 0.0113
vn -0.0012 -0.9999 0.0113
vn -0.0047 -0.9999 0.0101
vn -0.0046 -0.9999 0.0102
vn -0.0075 -0.9999 0.0082
vn -0.0076 -0.9999 0.0081
vn -0.0096 -0.9999 0.0054
vn -0.0097 -0.9999 0.0053
vn -0.0109 -0.9999 0.0022
vn -0.7313 -0.0000 -0.6820
vn 0.6820 -0.0000 -0.7313
vn 0.9816 0.0001 -0.1908
vn 0.7313 -0.0000 0.6820
vn -0.4226 0.0001 0.9063
vn -0.6820 -0.0000 0.7313
vn -0.9816 0.0001 0.1908
vn 0.0001 -1.0000 -0.0000
vn -0.0002 -1.0000 -0.0000
vn 0.0002 -1.0000 -0.0000
vn 0.0377 0.9511 -0.3067
vn 0.0716 0.8090 -0.5834
vn 0.0986 0.5878 -0.8030
vn 0.1159 0.3090 -0.9440
vn 0.1159 -0.3090 -0.9440
vn 0.0986 -0.5878 -0.8030
vn 0.0716 -0.8090 -0.5834
vn 0.0377 -0.9511 -0.3067
vn -0.0377 -0.9511 0.3067
vn -0.0716 -0.8090 0.5834
vn -0.0986 -0.5878 0.8030
vn -0.1159 -0.3090 0.9440
vn -0.1159 0.3090 0.9440
vn -0.0986 0.5878 0.8030
vn -0.0716 0.8090 0.5834
vn -0.0377 0.9511 0.3067
vn 0.9925 0.0113 0.1218
vn 0.9929 0.0109 0.1184
vn 0.9925 0.0113 0.1219
vn 0.9929 0.0109 0.1182
vn 0.9933 0.0096 0.1151
vn 0.9933 0.0095 0.1148
vn 0.9937 0.0072 0.1122
vn 0.9937 0.0070 0.1120
vn 0.9939 0.0040 0.1101
vn 0.9939 0.0038 0.1100
vn 0.9940 0.0001 0.1091
vn 0.9940 -0.0001 0.1091
vn 0.9940 -0.0040 0.1094
vn 0.9940 -0.0041 0.1094
vn 0.9938 -0.0079 0.1111
vn 0.9934 -0.0108 0.1140
vn 0.9930 -0.0127 0.1178
vn 0.9930 -0.0126 0.1177
vn 0.9925 -0.0131 0.1219
vn 0.9925 -0.0132 0.1218
vn 0.9920 -0.0122 0.1259
vn 0.9920 -0.0123 0.1257
vn 0.9916 -0.0099 0.1292
vn 0.9916 -0.0101 0.1290
vn 0.9913 -0.0070 0.1315
vn 0.9913 -0.0072 0.1314
vn 0.9911 -0.0035 0.1329
vn 0.9911 -0.0037 0.1328
vn 0.9911 0.0001 0.1331
vn 0.9911 -0.0001 0.1331
vn 0.9912 0.0035 0.1324
vn 0.9912 0.0034 0.1324
vn 0.9914 0.0065 0.1306
vn 0.9914 0.0064 0.1307
vn 0.9917 0.0089 0.1283
vn 0.9921 0.0106 0.1253
vn 0.9921 0.0106 0.1252
vn 0.9925 0.0003 0.1219
vn 0.9925 0.0001 0.1219
vt 0.397408 0.879991
vt 0.045943 0.885992
vt 0.045943 0.879991
vt 0.397408 0.885992
vt 0.045943 0.891405
vt 0.397408 0.891405
vt 0.045943 0.895700
vt 0.397408 0.895700
vt 0.045943 0.898458
vt 0.397408 0.898458
vt 0.045943 0.899409
vt 0.397408 0.899409
vt 0.045943 0.873991
vt 0.397408 0.873991
vt 0.045943 0.868578
vt 0.397408 0.868578
vt 0.045943 0.865634
vt 0.397408 0.865634
vt 0.045943 0.862876
vt 0.397408 0.862876
vt 0.045943 0.861925
vt 0.397408 0.861925
vt 0.433070 0.760262
vt 0.429802 0.780895
vt 0.366300 0.760262
vt 0.420318 0.799508
vt 0.405546 0.814280
vt 0.386933 0.823764
vt 0.366300 0.827032
vt 0.345668 0.823764
vt 0.327054 0.814280
vt 0.312283 0.799508
vt 0.302799 0.780895
vt 0.299531 0.760262
vt 0.302799 0.739630
vt 0.312283 0.721016
vt 0.327055 0.706245
vt 0.345668 0.696761
vt 0.366300 0.693493
vt 0.386933 0.696761
vt 0.405546 0.706245
vt 0.420318 0.721016
vt 0.429802 0.739630
vt 0.492188 0.841245
vt 0.396275 0.859707
vt 0.492188 0.886141
vt 0.396275 0.886141
vt 0.492193 0.910042
vt 0.492193 0.910157
vt 0.396290 0.910296
vt 0.066735 0.898336
vt 0.049588 0.898336
vt 0.066735 0.917301
vt 0.049588 0.909930
vt 0.382370 0.898457
vt 0.325316 0.898457
vt 0.382370 0.910219
vt 0.331812 0.910219
vt 0.478407 0.790585
vt 0.542512 0.765029
vt 0.474410 0.777162
vt 0.543691 0.777026
vt 0.481832 0.803724
vt 0.545727 0.789022
vt 0.484687 0.817718
vt 0.547679 0.801019
vt 0.486970 0.830571
vt 0.550033 0.813015
vt 0.488542 0.843851
vt 0.552705 0.825012
vt 0.784764 0.856057
vt 0.764575 0.845096
vt 0.771496 0.838738
vt 0.778008 0.829036
vt 0.701712 0.844931
vt 0.682638 0.848904
vt 0.691777 0.837778
vt 0.686059 0.827446
vt 0.691380 0.771416
vt 0.705686 0.776968
vt 0.700917 0.781748
vt 0.696546 0.787708
vt 0.787148 0.773358
vt 0.781508 0.782454
vt 0.775227 0.777134
vt 0.786353 0.789298
vt 0.810776 0.844497
vt 0.821290 0.830278
vt 0.825140 0.838639
vt 0.834374 0.848811
vt 0.935945 0.853730
vt 0.916452 0.848943
vt 0.924339 0.842103
vt 0.928597 0.832913
vt 0.919872 0.773281
vt 0.912756 0.784240
vt 0.905530 0.778747
vt 0.917223 0.789734
vt 0.842582 0.778580
vt 0.835422 0.784306
vt 0.829928 0.773232
vt 0.832002 0.789778
vt 0.821720 0.855440
vt 0.883621 0.855440
vt 0.907218 0.862280
vt 0.936629 0.862622
vt 0.964331 0.862622
vt 0.961886 0.848943
vt 0.959150 0.830817
vt 0.959150 0.814059
vt 0.929667 0.821561
vt 0.926909 0.809272
vt 0.961202 0.793540
vt 0.964280 0.773591
vt 0.688025 0.849697
vt 0.722099 0.881616
vt 0.687963 0.881502
vt 0.731096 0.875204
vt 0.770382 0.856311
vt 0.758086 0.859610
vt 0.734395 0.856011
vt 0.745791 0.865008
vt 0.641989 0.848852
vt 0.629212 0.818414
vt 0.641766 0.817394
vt 0.657979 0.768515
vt 0.704097 0.756212
vt 0.651968 0.755680
vt 0.719476 0.764173
vt 0.742719 0.772728
vt 0.969849 0.758571
vt 0.740915 0.873276
vt 0.757606 0.869322
vt 0.782204 0.869245
vt 0.819540 0.869814
vt 0.902635 0.872888
vt 0.963393 0.874782
vt 0.979288 0.815547
vt 0.978954 0.828890
vt 0.979622 0.846235
vt 0.980956 0.861246
vt 0.980756 0.875723
vt 0.979955 0.795867
vt 0.982624 0.779188
vt 0.987321 0.758386
vt 0.646776 0.755680
vt 0.652787 0.768515
vt 0.636772 0.816208
vt 0.629160 0.817031
vt 0.623821 0.822330
vt 0.568209 0.822297
vt 0.571205 0.820955
vt 0.623821 0.820955
vt 0.550803 0.840693
vt 0.568167 0.858987
vt 0.552950 0.823154
vt 0.515009 0.876393
vt 0.491565 0.840883
vt 0.491809 0.876670
vt 0.564762 0.876661
vt 0.629647 0.818782
vt 0.623448 0.859029
vt 0.642152 0.879326
vt 0.688462 0.853736
vt 0.688534 0.880929
vt 0.642005 0.848336
vt 0.688270 0.848343
vt 0.680799 0.883322
vt 0.680799 0.891017
vt 0.676784 0.898042
vt 0.671766 0.903730
vt 0.665133 0.907339
vt 0.491602 0.907410
vt 0.600238 0.829728
vt 0.597339 0.825918
vt 0.601892 0.827762
vt 0.604540 0.834282
vt 0.606855 0.832623
vt 0.606125 0.837590
vt 0.610577 0.839240
vt 0.606235 0.849579
vt 0.612786 0.845809
vt 0.613463 0.860101
vt 0.606106 0.860090
vt 0.101211 0.757358
vt 0.054931 0.757358
vt 0.101211 0.813802
vt 0.054931 0.813802
vt 0.063636 0.695828
vt 0.091401 0.727367
vt 0.063636 0.727367
vt 0.091401 0.686894
vt 0.119165 0.727367
vt 0.119165 0.682428
vt 0.146930 0.727367
vt 0.146930 0.677961
vt 0.174695 0.727367
vt 0.175687 0.680443
vt 0.202459 0.727367
vt 0.204941 0.683421
vt 0.230224 0.727367
vt 0.230224 0.705257
vt 0.229532 0.805541
vt 0.229532 0.792331
vt 0.229532 0.806894
vt 0.199328 0.805541
vt 0.199328 0.792331
vt 0.199328 0.806894
vt 0.229532 0.813288
vt 0.229532 0.815788
vt 0.199328 0.813288
vt 0.199328 0.815788
vt 0.229532 0.770704
vt 0.229532 0.767138
vt 0.229532 0.770674
vt 0.229532 0.767202
vt 0.199328 0.770704
vt 0.199328 0.770674
vt 0.199328 0.767138
vt 0.199328 0.767202
vt 0.229532 0.775316
vt 0.229532 0.772816
vt 0.199328 0.775316
vt 0.199328 0.772816
vt 0.229532 0.782218
vt 0.229532 0.780865
vt 0.199328 0.782218
vt 0.199328 0.780865
vt 0.121575 0.818628
vt 0.121575 0.838431
vt 0.121575 0.838372
vt 0.121575 0.813699
vt 0.056226 0.818628
vt 0.056226 0.838372
vt 0.056226 0.838431
vt 0.056226 0.813699
vt 0.121575 0.818629
vt 0.056226 0.818629
vt 0.227453 0.818628
vt 0.227453 0.829653
vt 0.227453 0.829594
vt 0.227453 0.813699
vt 0.122057 0.818628
vt 0.122057 0.829594
vt 0.122057 0.829653
vt 0.122057 0.813699
vt 0.227453 0.818629
vt 0.122057 0.818629
vt 0.096931 0.694230
vt 0.065096 0.697975
vt 0.096931 0.733582
vt 0.065096 0.733582
vt 0.199213 0.683854
vt 0.229923 0.706869
vt 0.199076 0.739288
vt 0.229923 0.739288
vt 0.096931 0.765720
vt 0.065096 0.762026
vt 0.065096 0.765909
vt 0.096931 0.761837
vt 0.096931 0.765893
vt 0.096931 0.762009
vt 0.065096 0.762009
vt 0.065096 0.765893
vt 0.199213 0.767723
vt 0.229923 0.767813
vt 0.229923 0.763857
vt 0.199213 0.763766
vt 0.199076 0.767921
vt 0.199076 0.763965
vt 0.229923 0.767921
vt 0.229923 0.763965
vt 0.435764 0.954592
vt 0.425708 0.954592
vt 0.425708 0.959771
vt 0.435764 0.959771
vt 0.425708 0.964444
vt 0.435764 0.964444
vt 0.425708 0.968152
vt 0.435764 0.968152
vt 0.425708 0.970532
vt 0.435764 0.970532
vt 0.425708 0.971353
vt 0.435764 0.971353
vt 0.425708 0.949413
vt 0.435764 0.949413
vt 0.425708 0.944740
vt 0.435764 0.944740
vt 0.425708 0.941032
vt 0.435764 0.941032
vt 0.425708 0.938652
vt 0.435764 0.938652
vt 0.425708 0.937831
vt 0.435764 0.937831
vt 0.438503 0.954714
vt 0.438503 0.959295
vt 0.438503 0.963427
vt 0.438503 0.966706
vt 0.438503 0.968811
vt 0.438503 0.969537
vt 0.438503 0.950134
vt 0.438503 0.946002
vt 0.438503 0.942723
vt 0.438503 0.940617
vt 0.438503 0.939892
vt 0.440120 0.954714
vt 0.440120 0.959295
vt 0.440120 0.963427
vt 0.440120 0.966706
vt 0.440120 0.968811
vt 0.440120 0.969537
vt 0.440120 0.950134
vt 0.440120 0.946002
vt 0.440120 0.942723
vt 0.440120 0.940617
vt 0.440120 0.939892
vt 0.815224 0.486996
vt 0.850129 0.707374
vt 0.850129 0.481468
vt 0.815224 0.701846
vt 0.885034 0.486996
vt 0.885034 0.701846
vt 0.916522 0.685802
vt 0.916522 0.503040
vt 0.941511 0.660814
vt 0.941511 0.528029
vt 0.957555 0.629325
vt 0.957555 0.559517
vt 0.963083 0.594421
vt 0.742704 0.629325
vt 0.742704 0.559517
vt 0.737176 0.594421
vt 0.758749 0.660814
vt 0.758749 0.528029
vt 0.783737 0.503040
vt 0.783737 0.685802
vt 0.516373 0.954479
vt 0.599637 0.960417
vt 0.599637 0.954479
vt 0.516373 0.960417
vt 0.599637 0.965773
vt 0.516373 0.965773
vt 0.599637 0.970025
vt 0.516373 0.970025
vt 0.599637 0.972754
vt 0.516373 0.972754
vt 0.599637 0.973694
vt 0.516373 0.973694
vt 0.599637 0.948540
vt 0.516373 0.948540
vt 0.599637 0.943184
vt 0.516373 0.943184
vt 0.599637 0.938932
vt 0.516373 0.938932
vt 0.599637 0.936203
vt 0.516373 0.936203
vt 0.599637 0.935263
vt 0.516373 0.935263
vt 0.505782 0.954248
vt 0.505782 0.958645
vt 0.505782 0.962611
vt 0.505782 0.965759
vt 0.505782 0.967781
vt 0.505782 0.968477
vt 0.505782 0.949850
vt 0.505782 0.945884
vt 0.505782 0.942736
vt 0.505782 0.940715
vt 0.505782 0.940018
vt 0.439119 0.954248
vt 0.439119 0.958645
vt 0.439119 0.962611
vt 0.439119 0.965759
vt 0.439119 0.967781
vt 0.439119 0.968477
vt 0.439119 0.949850
vt 0.439119 0.945884
vt 0.439119 0.942736
vt 0.439119 0.940715
vt 0.439119 0.940018
vt 0.634211 0.954620
vt 0.598715 0.954620
vt 0.598715 0.957752
vt 0.634211 0.957752
vt 0.598715 0.960577
vt 0.634211 0.960577
vt 0.598715 0.962820
vt 0.634211 0.962820
vt 0.598715 0.964259
vt 0.634211 0.964259
vt 0.598715 0.964755
vt 0.634211 0.964755
vt 0.598715 0.951488
vt 0.634211 0.951488
vt 0.598715 0.948662
vt 0.634211 0.948662
vt 0.598715 0.946420
vt 0.634211 0.946420
vt 0.598715 0.944980
vt 0.634211 0.944980
vt 0.598715 0.944484
vt 0.634211 0.944484
vt 0.655436 0.954699
vt 0.647408 0.954692
vt 0.647408 0.958356
vt 0.655436 0.950742
vt 0.665948 0.954714
vt 0.655436 0.958657
vt 0.665948 0.958988
vt 0.655436 0.962227
vt 0.665948 0.962843
vt 0.655436 0.965059
vt 0.665948 0.965903
vt 0.655436 0.966878
vt 0.665948 0.967867
vt 0.655436 0.967505
vt 0.665948 0.968544
vt 0.665948 0.950440
vt 0.655436 0.947172
vt 0.665948 0.946585
vt 0.655436 0.944339
vt 0.665948 0.943525
vt 0.655436 0.942521
vt 0.665948 0.941561
vt 0.655436 0.941894
vt 0.665948 0.940884
vt 0.666041 0.954723
vt 0.666041 0.959895
vt 0.666041 0.964560
vt 0.666041 0.968262
vt 0.666041 0.970639
vt 0.666041 0.971458
vt 0.666041 0.949552
vt 0.666041 0.944887
vt 0.666041 0.941185
vt 0.666041 0.938808
vt 0.666041 0.937989
vt 0.671569 0.954723
vt 0.671569 0.959895
vt 0.671569 0.964560
vt 0.671569 0.968262
vt 0.671569 0.970639
vt 0.671569 0.971458
vt 0.671569 0.949552
vt 0.671569 0.944887
vt 0.671569 0.941185
vt 0.671569 0.938808
vt 0.671569 0.937989
vt 0.697075 0.955101
vt 0.670692 0.955101
vt 0.670692 0.961039
vt 0.697075 0.961039
vt 0.670692 0.966396
vt 0.697075 0.966396
vt 0.670692 0.970647
vt 0.697075 0.970647
vt 0.670692 0.973377
vt 0.697075 0.973377
vt 0.670692 0.974317
vt 0.697075 0.974317
vt 0.670692 0.949163
vt 0.697075 0.949163
vt 0.670692 0.943806
vt 0.697075 0.943806
vt 0.670692 0.939555
vt 0.697075 0.939555
vt 0.670692 0.936826
vt 0.697075 0.936826
vt 0.670692 0.935885
vt 0.697075 0.935885
vt 0.697254 0.955180
vt 0.697254 0.960315
vt 0.697254 0.964947
vt 0.697254 0.968623
vt 0.697254 0.970983
vt 0.697254 0.971796
vt 0.697254 0.950046
vt 0.697254 0.945414
vt 0.697254 0.941738
vt 0.697254 0.939378
vt 0.697254 0.938565
vt 0.736712 0.955180
vt 0.736712 0.960315
vt 0.736712 0.964947
vt 0.736712 0.968623
vt 0.736712 0.970983
vt 0.736712 0.971796
vt 0.736712 0.950046
vt 0.736712 0.945414
vt 0.736712 0.941738
vt 0.736712 0.939378
vt 0.736712 0.938565
vt 0.735777 0.955437
vt 0.760942 0.959378
vt 0.760942 0.955437
vt 0.735777 0.959378
vt 0.760942 0.962933
vt 0.735777 0.962933
vt 0.760942 0.965755
vt 0.735777 0.965755
vt 0.760942 0.967566
vt 0.735777 0.967566
vt 0.760942 0.968190
vt 0.735777 0.968190
vt 0.760942 0.951496
vt 0.735777 0.951496
vt 0.760942 0.947940
vt 0.735777 0.947940
vt 0.760942 0.945119
vt 0.735777 0.945119
vt 0.760942 0.943307
vt 0.735777 0.943307
vt 0.760942 0.942683
vt 0.735777 0.942683
vt 0.743469 0.974216
vt 0.741005 0.974562
vt 0.743469 0.975224
vt 0.741005 0.973587
vt 0.739482 0.967348
vt 0.739482 0.966769
vt 0.747456 0.966769
vt 0.745933 0.974562
vt 0.747456 0.967348
vt 0.745933 0.973587
vt 0.743469 0.971292
vt 0.741005 0.970757
vt 0.739482 0.965090
vt 0.747456 0.965090
vt 0.745933 0.970757
vt 0.743469 0.966738
vt 0.741005 0.966349
vt 0.739482 0.962474
vt 0.747456 0.962474
vt 0.745933 0.966349
vt 0.743469 0.961000
vt 0.741005 0.960795
vt 0.739482 0.959178
vt 0.747456 0.959178
vt 0.745933 0.960795
vt 0.743469 0.954638
vt 0.741005 0.954638
vt 0.739482 0.955524
vt 0.747456 0.955524
vt 0.745933 0.954638
vt 0.743469 0.948277
vt 0.741005 0.948482
vt 0.739482 0.951870
vt 0.747456 0.951870
vt 0.745933 0.948482
vt 0.743469 0.942539
vt 0.741005 0.942928
vt 0.739482 0.948574
vt 0.747456 0.948574
vt 0.745933 0.942928
vt 0.743469 0.937985
vt 0.741005 0.938520
vt 0.739482 0.945958
vt 0.747456 0.945958
vt 0.745933 0.938520
vt 0.743469 0.935061
vt 0.741005 0.935690
vt 0.739482 0.944278
vt 0.747456 0.944278
vt 0.745933 0.935690
vt 0.743469 0.934053
vt 0.741005 0.934715
vt 0.739482 0.943699
vt 0.747456 0.943699
vt 0.745933 0.934715
vt 0.753941 0.974216
vt 0.751477 0.974562
vt 0.753941 0.975224
vt 0.751477 0.973587
vt 0.749954 0.967348
vt 0.749954 0.966769
vt 0.757928 0.966769
vt 0.756405 0.974562
vt 0.757928 0.967348
vt 0.756405 0.973587
vt 0.753941 0.971292
vt 0.751477 0.970757
vt 0.749954 0.965090
vt 0.757928 0.965090
vt 0.756405 0.970757
vt 0.753941 0.966738
vt 0.751477 0.966349
vt 0.749954 0.962474
vt 0.757928 0.962474
vt 0.756405 0.966349
vt 0.753941 0.961000
vt 0.751477 0.960795
vt 0.749954 0.959178
vt 0.757928 0.959178
vt 0.756405 0.960795
vt 0.753941 0.954638
vt 0.751477 0.954638
vt 0.749954 0.955524
vt 0.757928 0.955524
vt 0.756405 0.954638
vt 0.753941 0.948277
vt 0.751477 0.948482
vt 0.749954 0.951870
vt 0.757928 0.951870
vt 0.756405 0.948482
vt 0.753941 0.942539
vt 0.751477 0.942928
vt 0.749954 0.948574
vt 0.757928 0.948574
vt 0.756405 0.942928
vt 0.753941 0.937985
vt 0.751477 0.938520
vt 0.749954 0.945958
vt 0.757928 0.945958
vt 0.756405 0.938520
vt 0.753941 0.935061
vt 0.751477 0.935690
vt 0.749954 0.944278
vt 0.757928 0.944278
vt 0.756405 0.935690
vt 0.753941 0.934053
vt 0.751477 0.934715
vt 0.749954 0.943699
vt 0.757928 0.943699
vt 0.756405 0.934715
vt 0.760194 0.955614
vt 0.763018 0.962994
vt 0.763018 0.955614
vt 0.760194 0.962994
vt 0.763017 0.969651
vt 0.760194 0.969651
vt 0.763018 0.974934
vt 0.760194 0.974934
vt 0.763018 0.978326
vt 0.760194 0.978326
vt 0.763018 0.979495
vt 0.760194 0.979495
vt 0.763018 0.969651
vt 0.763017 0.962994
vt 0.763017 0.948235
vt 0.760194 0.948235
vt 0.763018 0.941578
vt 0.760194 0.941578
vt 0.763018 0.936295
vt 0.760194 0.936295
vt 0.763018 0.932903
vt 0.760194 0.932903
vt 0.763018 0.931734
vt 0.760194 0.931734
vt 0.763017 0.941578
vt 0.763018 0.948235
vt 0.943814 0.661844
vt 0.918243 0.687414
vt 0.850307 0.593908
vt 0.886023 0.703831
vt 0.850307 0.709488
vt 0.814591 0.703831
vt 0.782371 0.687414
vt 0.756801 0.661844
vt 0.740384 0.629624
vt 0.734727 0.593908
vt 0.740384 0.558192
vt 0.756801 0.525972
vt 0.782371 0.500402
vt 0.814591 0.483985
vt 0.850307 0.478328
vt 0.886023 0.483985
vt 0.918243 0.500402
vt 0.943814 0.525972
vt 0.960230 0.558192
vt 0.965887 0.593908
vt 0.275981 0.783083
vt 0.275676 0.793078
vt 0.275676 0.783083
vt 0.275981 0.793078
vt 0.275676 0.801552
vt 0.275981 0.801552
vt 0.275676 0.807214
vt 0.275981 0.807214
vt 0.275676 0.809202
vt 0.275981 0.809202
vt 0.275676 0.773088
vt 0.275981 0.773088
vt 0.275676 0.764615
vt 0.275981 0.764615
vt 0.275676 0.758953
vt 0.275981 0.758953
vt 0.275676 0.756965
vt 0.275981 0.756965
vt 0.229615 0.783275
vt 0.259398 0.792795
vt 0.259398 0.783275
vt 0.229615 0.792795
vt 0.259398 0.800864
vt 0.229615 0.800864
vt 0.259398 0.806257
vt 0.229615 0.806257
vt 0.259398 0.808150
vt 0.229615 0.808150
vt 0.259398 0.773756
vt 0.229615 0.773756
vt 0.259398 0.765686
vt 0.229615 0.765686
vt 0.259398 0.760294
vt 0.229615 0.760294
vt 0.259398 0.758401
vt 0.229615 0.758401
vt 0.229920 0.785196
vt 0.229920 0.789955
vt 0.229920 0.793990
vt 0.229920 0.796686
vt 0.229920 0.797633
vt 0.229920 0.780436
vt 0.229920 0.776401
vt 0.229920 0.773705
vt 0.229920 0.772758
vt 0.199277 0.785196
vt 0.199277 0.789955
vt 0.199277 0.793990
vt 0.199277 0.796686
vt 0.199277 0.797633
vt 0.199277 0.780436
vt 0.199277 0.776401
vt 0.199277 0.773705
vt 0.199277 0.772758
vt 0.553712 0.978784
vt 0.553712 0.990236
vt 0.557208 0.990236
vt 0.557208 0.978784
vt 0.560362 0.990236
vt 0.560362 0.978784
vt 0.562865 0.990236
vt 0.562865 0.978784
vt 0.564472 0.990236
vt 0.564472 0.978784
vt 0.565025 0.990236
vt 0.565025 0.978784
vt 0.550216 0.990236
vt 0.550216 0.978784
vt 0.547062 0.990236
vt 0.547062 0.978784
vt 0.544559 0.990236
vt 0.544559 0.978784
vt 0.542952 0.990236
vt 0.542952 0.978784
vt 0.542399 0.990236
vt 0.542399 0.978784
vt 0.553795 0.978768
vt 0.556886 0.978768
vt 0.559675 0.978768
vt 0.561889 0.978768
vt 0.563310 0.978768
vt 0.563800 0.978768
vt 0.550703 0.978768
vt 0.547914 0.978768
vt 0.545700 0.978768
vt 0.544279 0.978768
vt 0.543790 0.978768
vt 0.553795 0.971914
vt 0.556886 0.971914
vt 0.559675 0.971914
vt 0.561889 0.971914
vt 0.563310 0.971914
vt 0.563800 0.971914
vt 0.550703 0.971914
vt 0.547914 0.971914
vt 0.545700 0.971914
vt 0.544279 0.971914
vt 0.543789 0.971914
vt 0.555728 0.968438
vt 0.559224 0.967885
vt 0.562378 0.966278
vt 0.562378 0.966277
vt 0.564881 0.963775
vt 0.566488 0.960621
vt 0.567041 0.957125
vt 0.566488 0.953629
vt 0.564881 0.950475
vt 0.562378 0.947972
vt 0.559224 0.946365
vt 0.555728 0.945811
vt 0.552232 0.946365
vt 0.549078 0.947972
vt 0.546575 0.950475
vt 0.544968 0.953629
vt 0.544415 0.957125
vt 0.544414 0.957125
vt 0.544968 0.960621
vt 0.546575 0.963775
vt 0.549078 0.966278
vt 0.549078 0.966277
vt 0.552232 0.967885
vt 0.555810 0.967035
vt 0.558902 0.966545
vt 0.561691 0.965124
vt 0.563905 0.962911
vt 0.565326 0.960121
vt 0.565816 0.957030
vt 0.565326 0.953938
vt 0.563905 0.951149
vt 0.561691 0.948935
vt 0.558902 0.947514
vt 0.555810 0.947025
vt 0.552719 0.947514
vt 0.549930 0.948936
vt 0.547716 0.951149
vt 0.546295 0.953938
vt 0.545805 0.957030
vt 0.546295 0.960121
vt 0.547716 0.962911
vt 0.549930 0.965124
vt 0.552719 0.966545
vt 0.565815 0.957030
vt 0.549930 0.948935
s 1
usemtl Soviet_Special_Sniper_Rifle_Mat
f 1/1/1 2/2/2 3/3/1
f 2/2/2 1/1/1 4/4/2
f 4/4/2 5/5/3 2/2/2
f 5/5/3 4/4/2 6/6/3
f 6/6/3 7/7/4 5/5/3
f 7/7/4 6/6/3 8/8/4
f 8/8/4 9/9/5 7/7/4
f 9/9/5 8/8/4 10/10/5
f 10/10/5 11/11/6 9/9/5
f 11/11/6 10/10/5 12/12/6
f 12/12/6 13/9/7 11/11/6
f 13/9/7 12/12/6 14/10/7
f 14/10/7 15/7/8 13/9/7
f 15/7/8 14/10/7 16/8/8
f 16/8/8 17/5/9 15/7/8
f 17/5/9 16/8/8 18/6/9
f 18/6/9 19/2/10 17/5/9
f 19/2/10 18/6/9 20/4/10
f 20/4/10 21/3/11 19/2/10
f 21/3/11 20/4/10 22/1/11
f 22/1/11 23/13/12 21/3/11
f 23/13/12 22/1/11 24/14/12
f 24/14/12 25/15/13 23/13/12
f 25/15/13 24/14/12 26/16/13
f 26/16/13 27/17/14 25/15/13
f 27/17/14 26/16/13 28/18/14
f 28/18/14 29/19/15 27/17/14
f 29/19/15 28/18/14 30/20/15
f 30/20/15 31/21/16 29/19/15
f 31/21/16 30/20/15 32/22/16
f 32/22/16 33/19/17 31/21/16
f 33/19/17 32/22/16 34/20/17
f 34/20/17 35/17/18 33/19/17
f 35/17/18 34/20/17 36/18/18
f 36/18/18 37/15/19 35/17/18
f 37/15/19 36/18/18 38/16/19
f 38/16/19 39/13/20 37/15/19
f 39/13/20 38/16/19 40/14/20
f 40/14/20 3/3/1 39/13/20
f 3/3/1 40/14/20 1/1/1
f 3/23/21 2/24/21 41/25/21
f 4/4/22 1/1/22 42/1/22
f 2/24/21 5/26/21 41/25/21
f 6/6/22 4/4/22 42/1/22
f 5/26/21 7/27/21 41/25/21
f 8/8/22 6/6/22 42/1/22
f 7/27/21 9/28/21 41/25/21
f 10/10/22 8/8/22 42/1/22
f 9/28/21 11/29/21 41/25/21
f 12/12/22 10/10/22 42/1/22
f 11/29/21 13/30/21 41/25/21
f 14/10/22 12/12/22 42/1/22
f 13/30/21 15/31/21 41/25/21
f 16/8/22 14/10/22 42/1/22
f 15/31/21 17/32/21 41/25/21
f 18/6/22 16/8/22 42/1/22
f 17/32/21 19/33/21 41/25/21
f 20/4/22 18/6/22 42/1/22
f 19/33/21 21/34/21 41/25/21
f 22/1/22 20/4/22 42/1/22
f 21/34/21 23/35/21 41/25/21
f 24/14/22 22/1/22 42/1/22
f 23/35/21 25/36/21 41/25/21
f 26/16/22 24/14/22 42/1/22
f 25/36/21 27/37/21 41/25/21
f 28/18/22 26/16/22 42/1/22
f 27/37/21 29/38/21 41/25/21
f 30/20/22 28/18/22 42/1/22
f 29/38/21 31/39/21 41/25/21
f 32/22/22 30/20/22 42/1/22
f 31/39/21 33/40/21 41/25/21
f 34/20/22 32/22/22 42/1/22
f 33/40/21 35/41/21 41/25/21
f 36/18/22 34/20/22 42/1/22
f 35/41/21 37/42/21 41/25/21
f 38/16/22 36/18/22 42/1/22
f 37/42/21 39/43/21 41/25/21
f 40/14/22 38/16/22 42/1/22
f 39/43/21 3/23/21 41/25/21
f 1/1/22 40/14/22 42/1/22
f 43/44/23 44/45/23 45/44/23
f 43/44/23 46/45/23 44/45/23
f 47/46/24 46/45/1 43/44/1
f 47/46/24 48/47/25 46/45/1
f 45/44/11 49/47/26 50/46/27
f 45/44/11 44/45/11 49/47/26
f 47/46/28 43/44/22 45/44/22
f 45/44/22 50/46/28 47/46/28
f 51/48/29 52/49/30 47/46/28
f 47/46/28 50/46/28 51/48/29
f 46/45/21 48/47/31 44/45/21
f 49/47/31 44/45/21 48/47/31
f 48/47/31 53/50/32 49/47/31
f 54/50/32 53/50/32 48/47/31
f 51/48/33 53/50/34 54/50/35
f 54/50/35 52/49/36 51/48/33
f 49/47/26 51/48/37 50/46/27
f 51/48/37 49/47/26 53/50/38
f 54/50/39 47/46/24 52/49/40
f 47/46/24 54/50/39 48/47/25
f 55/51/16 56/52/16 57/52/16
f 55/51/16 58/51/16 56/52/16
f 59/53/22 58/51/22 55/51/22
f 59/53/22 60/53/41 58/51/22
f 61/54/42 60/53/42 59/53/42
f 61/54/42 62/54/42 60/53/42
f 57/52/21 62/54/21 61/54/43
f 57/52/21 56/52/21 62/54/21
f 59/53/11 55/51/11 57/52/11
f 57/52/11 61/54/11 59/53/11
f 58/51/1 60/53/1 56/52/1
f 62/54/1 56/52/1 60/53/1
f 63/55/16 64/56/16 65/56/16
f 63/55/16 66/55/16 64/56/16
f 67/57/22 66/55/22 63/55/22
f 67/57/22 68/57/22 66/55/22
f 69/58/6 68/57/6 67/57/6
f 69/58/6 70/58/6 68/57/6
f 65/56/44 70/58/44 69/58/44
f 65/56/44 64/56/44 70/58/44
f 67/57/11 63/55/11 65/56/11
f 65/56/11 69/58/11 67/57/11
f 66/55/1 68/57/1 64/56/1
f 70/58/1 64/56/1 68/57/1
f 71/59/11 72/60/11 73/61/11
f 74/62/11 72/60/11 71/59/11
f 75/63/11 74/62/11 71/59/11
f 76/64/11 74/62/11 75/63/11
f 77/65/11 76/64/11 75/63/11
f 78/66/11 76/64/11 77/65/11
f 79/67/11 78/66/11 77/65/11
f 80/68/11 78/66/11 79/67/11
f 81/69/11 80/68/11 79/67/11
f 82/70/11 80/68/11 81/69/11
f 83/59/1 84/61/1 85/60/1
f 86/62/1 83/59/1 85/60/1
f 87/63/1 83/59/1 86/62/1
f 88/64/1 87/63/1 86/62/1
f 89/65/1 87/63/1 88/64/1
f 90/66/1 89/65/1 88/64/1
f 91/67/1 89/65/1 90/66/1
f 92/68/1 91/67/1 90/66/1
f 93/69/1 91/67/1 92/68/1
f 94/70/1 93/69/1 92/68/1
f 71/59/45 73/61/46 84/61/46
f 84/61/46 83/59/45 71/59/45
f 71/59/45 83/59/45 87/63/47
f 87/63/47 75/63/48 71/59/45
f 75/63/48 87/63/47 89/65/49
f 89/65/49 77/65/49 75/63/48
f 77/65/49 89/65/49 91/67/50
f 91/67/50 79/67/51 77/65/49
f 79/67/51 91/67/50 93/69/52
f 93/69/52 81/69/53 79/67/51
f 84/61/54 72/60/54 85/60/54
f 72/60/54 84/61/54 73/61/54
f 72/60/55 86/62/56 85/60/55
f 86/62/56 72/60/55 74/62/56
f 74/62/56 88/64/57 86/62/56
f 88/64/57 74/62/56 76/64/57
f 76/64/57 90/66/58 88/64/57
f 90/66/58 76/64/57 78/66/58
f 78/66/58 92/68/59 90/66/58
f 92/68/59 78/66/58 80/68/59
f 80/68/59 94/70/60 92/68/59
f 94/70/60 80/68/59 82/70/61
f 95/71/62 96/72/1 97/73/1
f 95/71/62 97/73/1 98/74/1
f 99/75/1 100/76/63 101/77/1
f 100/76/63 102/78/1 101/77/1
f 103/79/1 104/80/1 105/81/1
f 103/79/1 105/81/1 106/82/1
f 107/83/1 108/84/1 109/85/64
f 107/83/1 110/86/1 108/84/1
f 111/87/1 112/88/1 113/89/1
f 111/87/1 113/89/1 114/90/1
f 115/91/1 116/92/1 117/93/1
f 115/91/1 117/93/1 118/94/1
f 119/95/1 120/96/1 121/97/64
f 119/95/1 122/98/1 120/96/1
f 123/99/1 124/100/1 125/101/1
f 125/101/1 124/100/1 126/102/1
f 125/101/1 126/102/1 112/88/1
f 112/88/1 107/83/1 125/101/1
f 98/74/1 112/88/1 111/87/1
f 112/88/1 98/74/1 110/86/1
f 110/86/1 107/83/1 112/88/1
f 111/87/1 95/71/62 98/74/1
f 111/87/1 127/103/65 95/71/62
f 111/87/1 114/90/1 127/103/65
f 114/90/1 128/104/66 127/103/65
f 128/104/66 114/90/1 116/92/1
f 116/92/1 129/105/67 128/104/66
f 130/106/68 129/105/67 116/92/1
f 116/92/1 115/91/1 130/106/68
f 115/91/1 131/107/69 130/106/68
f 132/108/1 131/107/69 115/91/1
f 118/94/1 133/109/1 132/108/1
f 132/108/1 115/91/1 118/94/1
f 118/94/1 134/110/1 133/109/1
f 135/111/1 134/110/1 118/94/1
f 134/110/1 135/111/1 136/112/1
f 134/110/1 136/112/1 122/98/1
f 122/98/1 137/113/1 134/110/1
f 138/114/1 137/113/1 122/98/1
f 122/98/1 119/95/1 138/114/1
f 99/75/1 139/115/1 100/76/63
f 140/116/70 141/117/1 139/115/1
f 139/115/1 142/118/71 140/116/70
f 96/72/1 139/115/1 99/75/1
f 143/119/72 96/72/1 95/71/62
f 96/72/1 143/119/72 144/120/73
f 145/121/1 144/120/73 146/122/74
f 142/118/71 145/121/1 146/122/74
f 145/121/1 142/118/71 139/115/1
f 96/72/1 145/121/1 139/115/1
f 145/121/1 96/72/1 144/120/73
f 100/76/63 147/123/1 148/124/1
f 148/124/1 102/78/1 100/76/63
f 102/78/1 148/124/1 149/125/1
f 103/79/1 149/125/1 150/126/1
f 102/78/1 103/79/1 106/82/1
f 103/79/1 102/78/1 149/125/1
f 151/127/1 150/126/1 152/128/1
f 104/80/1 151/127/1 153/129/1
f 103/79/1 151/127/1 104/80/1
f 151/127/1 103/79/1 150/126/1
f 154/130/1 109/85/64 104/80/1
f 104/80/1 153/129/1 154/130/1
f 123/99/1 125/101/1 119/95/1
f 119/95/1 121/97/64 123/99/1
f 119/95/1 155/131/1 138/114/1
f 125/101/1 155/131/1 119/95/1
f 154/130/1 107/83/1 109/85/64
f 156/132/75 142/118/71 146/122/74
f 144/120/73 157/133/76 156/132/75
f 156/132/75 146/122/74 144/120/73
f 143/119/72 157/133/76 144/120/73
f 158/134/77 143/119/72 95/71/62
f 143/119/72 158/134/77 157/133/76
f 159/135/78 95/71/62 127/103/65
f 95/71/62 159/135/78 158/134/77
f 128/104/66 159/135/78 127/103/65
f 160/136/79 128/104/66 129/105/67
f 128/104/66 160/136/79 159/135/78
f 129/105/67 130/106/68 160/136/79
f 131/107/69 161/137/80 160/136/79
f 160/136/79 130/106/68 131/107/69
f 162/138/1 133/109/1 134/110/1
f 133/109/1 162/138/1 163/139/1
f 164/140/1 132/108/1 133/109/1
f 133/109/1 163/139/1 164/140/1
f 165/141/81 131/107/69 132/108/1
f 132/108/1 164/140/1 165/141/81
f 166/142/82 161/137/80 131/107/69
f 131/107/69 165/141/81 166/142/82
f 137/113/1 162/138/1 134/110/1
f 162/138/1 137/113/1 167/143/1
f 138/114/1 168/144/1 167/143/1
f 167/143/1 137/113/1 138/114/1
f 155/131/1 169/145/1 168/144/1
f 168/144/1 138/114/1 155/131/1
f 155/131/83 170/101/84 171/129/85
f 171/129/85 170/101/84 172/83/86
f 172/83/86 173/130/87 171/129/85
f 174/71/88 175/73/11 176/72/11
f 174/71/88 177/74/11 175/73/11
f 178/75/11 179/77/11 180/76/11
f 180/76/11 179/77/11 181/78/11
f 182/79/11 183/81/11 184/80/89
f 182/79/11 185/82/11 183/81/11
f 186/83/11 187/85/11 188/84/11
f 186/83/11 188/84/11 189/86/11
f 190/87/11 191/89/11 192/88/11
f 190/87/11 193/90/11 191/89/11
f 194/91/11 195/93/11 196/92/11
f 194/91/11 197/94/11 195/93/11
f 198/95/11 199/97/11 200/96/11
f 198/95/11 200/96/11 201/98/11
f 202/99/89 203/101/11 204/100/11
f 203/101/11 205/102/11 204/100/11
f 203/101/11 192/88/11 205/102/11
f 192/88/11 203/101/11 186/83/11
f 177/74/11 190/87/11 192/88/11
f 192/88/11 189/86/11 177/74/11
f 189/86/11 192/88/11 186/83/11
f 190/87/11 177/74/11 174/71/88
f 190/87/11 174/71/88 206/103/90
f 190/87/11 206/103/90 193/90/11
f 193/90/11 206/103/90 207/104/91
f 207/104/91 196/92/11 193/90/11
f 196/92/11 207/104/91 208/105/92
f 209/106/93 196/92/11 208/105/92
f 196/92/11 209/106/93 194/91/11
f 194/91/11 209/106/93 210/107/94
f 211/108/11 194/91/11 210/107/94
f 197/94/11 211/108/11 212/109/11
f 211/108/11 197/94/11 194/91/11
f 197/94/11 212/109/11 213/110/11
f 214/111/11 197/94/11 213/110/11
f 213/110/11 215/112/11 214/111/11
f 213/110/11 201/98/11 215/112/11
f 201/98/11 213/110/11 216/113/11
f 217/114/11 201/98/11 216/113/11
f 201/98/11 217/114/11 198/95/11
f 178/75/11 180/76/11 218/115/11
f 219/116/11 218/115/11 220/117/95
f 218/115/11 219/116/11 221/118/96
f 176/72/11 178/75/11 218/115/11
f 222/119/97 174/71/88 176/72/11
f 176/72/11 223/120/98 222/119/97
f 224/121/11 225/122/99 223/120/98
f 221/118/96 225/122/99 224/121/11
f 224/121/11 218/115/11 221/118/96
f 176/72/11 218/115/11 224/121/11
f 224/121/11 223/120/98 176/72/11
f 180/76/11 226/124/11 227/123/100
f 226/124/11 180/76/11 181/78/11
f 181/78/11 228/125/11 226/124/11
f 182/79/11 229/126/11 228/125/11
f 181/78/11 185/82/11 182/79/11
f 182/79/11 228/125/11 181/78/11
f 230/127/11 231/128/11 229/126/11
f 184/80/89 232/129/11 230/127/11
f 182/79/11 184/80/89 230/127/11
f 230/127/11 229/126/11 182/79/11
f 233/130/11 184/80/89 187/85/11
f 184/80/89 233/130/11 232/129/11
f 202/99/89 198/95/11 203/101/11
f 198/95/11 202/99/89 199/97/11
f 198/95/11 217/114/11 234/131/11
f 203/101/11 198/95/11 234/131/11
f 233/130/11 187/85/11 186/83/11
f 235/132/101 225/122/99 221/118/96
f 223/120/98 235/132/101 236/133/102
f 235/132/101 223/120/98 225/122/99
f 222/119/97 223/120/98 236/133/102
f 237/134/103 174/71/88 222/119/97
f 222/119/97 236/133/102 237/134/103
f 238/135/104 206/103/90 174/71/88
f 174/71/88 237/134/103 238/135/104
f 207/104/91 206/103/90 238/135/104
f 239/136/105 208/105/92 207/104/91
f 207/104/91 238/135/104 239/136/105
f 208/105/92 239/136/105 209/106/93
f 210/107/94 239/136/105 240/137/106
f 239/136/105 210/107/94 209/106/93
f 241/138/11 213/110/11 212/109/11
f 212/109/11 242/139/11 241/138/11
f 243/140/11 212/109/11 211/108/11
f 212/109/11 243/140/11 242/139/11
f 244/141/107 211/108/11 210/107/94
f 211/108/11 244/141/107 243/140/11
f 245/142/108 210/107/94 240/137/106
f 210/107/94 245/142/108 244/141/107
f 216/113/11 213/110/11 241/138/11
f 241/138/11 246/143/11 216/113/11
f 217/114/11 246/143/11 247/144/11
f 246/143/11 217/114/11 216/113/11
f 234/131/11 247/144/11 248/145/11
f 247/144/11 234/131/11 217/114/11
f 234/131/109 249/129/110 250/101/111
f 249/129/110 251/83/112 250/101/111
f 251/83/112 249/129/110 252/130/113
f 247/144/114 168/144/114 169/145/115
f 169/145/115 248/145/115 247/144/114
f 247/144/114 167/143/116 168/144/114
f 167/143/116 247/144/114 246/143/117
f 246/143/117 162/138/118 167/143/116
f 162/138/118 246/143/117 241/138/118
f 241/138/118 163/139/119 162/138/118
f 163/139/119 241/138/118 242/139/120
f 242/139/120 164/140/121 163/139/119
f 164/140/121 242/139/120 243/140/121
f 243/140/121 165/141/122 164/140/121
f 165/141/122 243/140/121 244/141/122
f 244/141/122 166/142/123 165/141/122
f 166/142/123 244/141/122 245/142/124
f 245/142/125 240/137/126 161/137/126
f 161/137/126 166/142/125 245/142/125
f 239/136/127 160/136/128 161/137/126
f 161/137/126 240/137/126 239/136/127
f 160/136/128 238/135/129 159/135/129
f 238/135/129 160/136/128 239/136/127
f 158/134/130 159/135/129 238/135/129
f 238/135/129 237/134/131 158/134/130
f 237/134/131 157/133/132 158/134/130
f 157/133/132 237/134/131 236/133/133
f 235/132/134 156/132/134 157/133/132
f 157/133/132 236/133/133 235/132/134
f 100/76/135 227/123/136 147/123/136
f 227/123/136 100/76/135 180/76/137
f 235/132/134 142/118/138 156/132/134
f 142/118/138 235/132/134 221/118/138
f 219/116/139 140/116/140 142/118/138
f 142/118/138 221/118/138 219/116/139
f 220/117/141 141/117/141 140/116/140
f 140/116/140 219/116/139 220/117/141
f 180/76/137 100/76/135 139/115/142
f 139/115/142 218/115/142 180/76/137
f 220/117/143 218/115/143 139/115/144
f 139/115/144 141/117/143 220/117/143
f 226/124/145 148/124/146 147/123/147
f 147/123/147 227/123/148 226/124/145
f 152/128/149 230/127/150 151/127/150
f 230/127/150 152/128/149 231/128/151
f 151/127/150 230/127/150 232/129/152
f 232/129/152 153/129/152 151/127/150
f 173/130/153 153/129/154 171/129/154
f 153/129/154 173/130/153 154/130/155
f 233/130/155 249/129/154 232/129/154
f 249/129/154 233/130/155 252/130/156
f 155/131/157 125/101/158 170/101/159
f 234/131/157 250/101/159 203/101/158
f 107/83/160 154/130/155 173/130/153
f 173/130/153 172/83/161 107/83/160
f 125/101/158 172/83/161 170/101/159
f 172/83/161 125/101/158 107/83/160
f 251/83/162 203/101/158 250/101/159
f 203/101/158 251/83/162 186/83/163
f 252/130/156 186/83/163 251/83/162
f 186/83/163 252/130/156 233/130/155
f 109/85/164 184/80/165 104/80/165
f 184/80/165 109/85/164 187/85/164
f 187/85/164 109/85/164 108/84/166
f 108/84/166 188/84/166 187/85/164
f 189/86/167 108/84/166 110/86/167
f 108/84/166 189/86/167 188/84/166
f 98/74/168 189/86/169 110/86/169
f 189/86/169 98/74/168 177/74/170
f 177/74/170 97/73/171 175/73/171
f 97/73/171 177/74/170 98/74/168
f 175/73/171 97/73/171 96/72/172
f 96/72/172 176/72/173 175/73/171
f 99/75/174 176/72/173 96/72/172
f 176/72/173 99/75/174 178/75/174
f 99/75/174 101/77/175 179/77/175
f 179/77/175 178/75/174 99/75/174
f 102/78/176 181/78/176 179/77/175
f 102/78/176 179/77/175 101/77/175
f 106/82/177 181/78/176 102/78/176
f 181/78/176 106/82/177 185/82/177
f 183/81/178 105/81/179 104/80/180
f 104/80/180 184/80/180 183/81/178
f 183/81/178 106/82/177 105/81/179
f 106/82/177 183/81/178 185/82/177
f 202/99/181 204/100/182 124/100/182
f 124/100/182 123/99/181 202/99/181
f 205/102/183 126/102/184 124/100/182
f 124/100/182 204/100/182 205/102/183
f 192/88/185 112/88/185 126/102/184
f 126/102/184 205/102/183 192/88/185
f 113/89/186 112/88/185 192/88/185
f 192/88/185 191/89/187 113/89/186
f 191/89/187 114/90/188 113/89/186
f 114/90/188 191/89/187 193/90/188
f 202/99/181 121/97/189 199/97/189
f 121/97/189 202/99/181 123/99/181
f 200/96/190 199/97/189 121/97/189
f 121/97/189 120/96/191 200/96/190
f 200/96/190 120/96/191 122/98/192
f 122/98/192 201/98/192 200/96/190
f 215/112/193 122/98/192 136/112/193
f 122/98/192 215/112/193 201/98/192
f 193/90/188 196/92/194 116/92/194
f 116/92/194 114/90/188 193/90/188
f 195/93/195 116/92/194 196/92/194
f 116/92/194 195/93/195 117/93/195
f 214/111/196 215/112/193 136/112/193
f 136/112/193 135/111/196 214/111/196
f 135/111/196 197/94/197 214/111/196
f 197/94/197 135/111/196 118/94/198
f 118/94/198 195/93/195 197/94/197
f 195/93/195 118/94/198 117/93/195
f 234/131/199 171/129/200 249/129/200
f 171/129/200 234/131/199 155/131/199
f 169/145/201 155/131/199 234/131/199
f 234/131/199 248/145/201 169/145/201
f 150/126/202 253/146/203 152/128/204
f 253/146/203 150/126/202 254/147/205
f 231/128/206 254/147/205 229/126/207
f 254/147/205 231/128/206 253/146/203
f 149/125/208 254/147/205 150/126/202
f 254/147/205 149/125/208 255/148/209
f 228/125/210 229/126/207 254/147/205
f 254/147/205 255/148/209 228/125/210
f 148/124/211 256/149/212 255/148/213
f 255/148/213 149/125/214 148/124/211
f 226/124/215 255/148/213 256/149/212
f 255/148/213 226/124/215 228/125/216
f 148/124/146 226/124/145 256/149/217
f 231/128/151 152/128/149 253/146/16
f 257/150/218 258/151/1 259/152/1
f 259/152/1 260/153/1 257/150/218
f 261/154/1 258/151/1 262/155/1
f 258/151/1 263/156/1 259/152/1
f 258/151/1 261/154/1 263/156/1
f 264/157/219 265/158/1 263/156/1
f 265/158/1 264/157/219 266/159/220
f 261/154/1 264/157/219 263/156/1
f 267/160/221 261/154/1 262/155/1
f 261/154/1 267/160/221 264/157/219
f 268/161/1 257/150/218 260/153/1
f 269/162/1 257/150/218 268/161/1
f 267/160/221 262/155/1 269/162/1
f 270/163/222 267/160/221 269/162/1
f 271/164/1 272/165/223 270/163/222
f 269/162/1 271/164/1 270/163/222
f 269/162/1 268/161/1 273/166/1
f 271/164/1 273/166/1 274/167/1
f 271/164/1 269/162/1 273/166/1
f 275/168/224 270/163/222 272/165/223
f 270/163/222 275/168/224 276/169/225
f 277/170/226 270/163/222 276/169/225
f 270/163/222 277/170/226 278/171/227
f 279/172/228 270/163/222 278/171/227
f 267/160/221 279/172/228 280/173/229
f 279/172/228 267/160/221 270/163/222
f 264/157/219 267/160/221 280/173/229
f 280/173/229 266/159/220 264/157/219
f 281/150/11 282/152/11 283/151/230
f 282/152/11 281/150/11 284/153/11
f 285/154/11 286/155/11 283/151/230
f 283/151/230 282/152/11 287/156/11
f 283/151/230 287/156/11 285/154/11
f 288/157/231 287/156/11 289/158/11
f 289/158/11 290/159/232 288/157/231
f 285/154/11 287/156/11 288/157/231
f 291/160/233 286/155/11 285/154/11
f 285/154/11 288/157/231 291/160/233
f 292/161/11 284/153/11 281/150/11
f 293/162/11 292/161/11 281/150/11
f 291/160/233 293/162/11 286/155/11
f 294/163/234 293/162/11 291/160/233
f 295/164/11 294/163/234 296/165/235
f 293/162/11 294/163/234 295/164/11
f 293/162/11 297/166/11 292/161/11
f 295/164/11 298/167/11 297/166/11
f 295/164/11 297/166/11 293/162/11
f 299/168/236 296/165/235 294/163/234
f 294/163/234 300/169/237 299/168/236
f 301/170/238 300/169/237 294/163/234
f 294/163/234 302/171/239 301/170/238
f 303/172/240 302/171/239 294/163/234
f 291/160/233 304/173/241 303/172/240
f 303/172/240 294/163/234 291/160/233
f 288/157/231 304/173/241 291/160/233
f 304/173/241 288/157/231 290/159/232
f 304/173/242 290/159/243 266/159/243
f 266/159/243 280/173/242 304/173/242
f 289/158/244 265/158/244 266/159/243
f 266/159/243 290/159/243 289/158/244
f 279/172/245 304/173/246 280/173/246
f 304/173/246 279/172/245 303/172/245
f 296/165/247 299/168/247 275/168/247
f 275/168/247 272/165/247 296/165/247
f 299/168/22 276/169/248 275/168/22
f 276/169/248 299/168/22 300/169/248
f 301/170/249 277/170/249 276/169/248
f 276/169/248 300/169/248 301/170/249
f 302/171/250 278/171/250 277/170/249
f 277/170/249 301/170/249 302/171/250
f 303/172/245 279/172/245 278/171/250
f 278/171/250 302/171/250 303/172/245
f 295/164/251 272/165/252 271/164/251
f 272/165/252 295/164/251 296/165/252
f 298/167/253 271/164/251 274/167/253
f 271/164/251 298/167/253 295/164/251
f 268/161/254 292/161/254 297/166/254
f 273/166/254 268/161/254 297/166/254
f 298/167/255 273/166/255 297/166/255
f 273/166/255 298/167/255 274/167/255
f 265/158/256 287/156/257 263/156/257
f 287/156/257 265/158/256 289/158/256
f 259/152/258 287/156/257 282/152/259
f 287/156/257 259/152/258 263/156/257
f 284/153/260 259/152/258 282/152/259
f 259/152/258 284/153/260 260/153/261
f 260/153/261 284/153/260 292/161/262
f 292/161/262 268/161/263 260/153/261
f 286/155/264 258/151/264 283/151/264
f 258/151/264 286/155/264 262/155/264
f 257/150/265 283/151/265 258/151/265
f 283/151/265 257/150/265 281/150/265
f 269/162/266 281/150/267 257/150/267
f 281/150/267 269/162/266 293/162/267
f 293/162/268 262/155/268 286/155/268
f 262/155/268 293/162/268 269/162/268
f 305/174/1 306/175/1 307/176/1
f 307/176/1 308/177/1 305/174/1
f 308/177/1 307/176/1 309/178/1
f 309/178/1 310/179/1 308/177/1
f 310/179/1 309/178/1 311/180/1
f 311/180/1 312/181/1 310/179/1
f 312/181/1 311/180/1 313/182/1
f 314/183/63 312/181/1 313/182/1
f 315/184/1 312/181/1 314/183/63
f 316/174/11 317/176/11 318/175/11
f 317/176/11 316/174/11 319/177/11
f 319/177/11 320/178/11 317/176/11
f 320/178/11 319/177/11 321/179/11
f 321/179/11 322/180/11 320/178/11
f 322/180/11 321/179/11 323/181/11
f 323/181/11 324/182/11 322/180/11
f 325/183/11 324/182/11 323/181/11
f 326/184/100 325/183/11 323/181/11
f 310/179/269 321/179/270 319/177/271
f 319/177/271 308/177/271 310/179/269
f 305/174/272 319/177/271 316/174/272
f 305/174/272 308/177/271 319/177/271
f 318/175/273 306/175/273 305/174/272
f 305/174/272 316/174/272 318/175/273
f 312/181/274 323/181/274 321/179/270
f 321/179/270 310/179/269 312/181/274
f 312/181/274 315/184/275 326/184/276
f 326/184/276 323/181/274 312/181/274
f 318/175/277 307/176/278 306/175/277
f 307/176/278 318/175/277 317/176/278
f 320/178/279 309/178/279 307/176/278
f 307/176/278 317/176/278 320/178/279
f 322/180/280 311/180/280 309/178/279
f 309/178/279 320/178/279 322/180/280
f 324/182/281 313/182/282 311/180/280
f 311/180/280 322/180/280 324/182/281
f 324/182/281 314/183/283 313/182/282
f 314/183/283 324/182/281 325/183/284
f 327/185/16 328/186/16 329/186/16
f 327/185/16 330/185/16 328/186/16
f 331/187/22 330/185/22 327/185/22
f 331/187/22 332/187/22 330/185/22
f 333/188/6 332/187/6 331/187/6
f 333/188/6 334/188/6 332/187/6
f 329/186/21 334/188/21 333/188/21
f 329/186/21 328/186/21 334/188/21
f 331/187/11 327/185/11 329/186/11
f 329/186/11 333/188/11 331/187/11
f 330/185/1 332/187/1 328/186/1
f 334/188/1 328/186/1 332/187/1
f 335/189/285 336/190/286 337/191/287
f 338/192/288 336/190/286 335/189/285
f 338/192/288 339/193/289 336/190/286
f 340/194/290 339/193/289 338/192/288
f 340/194/290 341/195/291 339/193/289
f 342/196/292 341/195/291 340/194/290
f 342/196/292 343/197/293 341/195/291
f 344/198/294 343/197/293 342/196/292
f 344/198/294 345/199/295 343/197/293
f 346/200/296 345/199/295 344/198/294
f 346/200/296 347/201/297 345/199/295
f 348/202/298 347/201/297 346/200/296
f 349/189/299 350/191/300 351/190/301
f 352/192/302 349/189/299 351/190/301
f 352/192/302 351/190/301 353/193/303
f 354/194/304 352/192/302 353/193/303
f 354/194/304 353/193/303 355/195/305
f 356/196/306 354/194/304 355/195/305
f 356/196/306 355/195/305 357/197/307
f 358/198/308 356/196/306 357/197/307
f 358/198/308 357/197/307 359/199/309
f 360/200/310 358/198/308 359/199/309
f 360/200/310 359/199/309 361/201/311
f 362/202/312 360/200/310 361/201/311
f 350/191/6 337/191/6 336/190/6
f 336/190/6 351/190/6 350/191/6
f 353/193/6 351/190/6 336/190/6
f 336/190/6 339/193/6 353/193/6
f 341/195/6 353/193/6 339/193/6
f 353/193/6 341/195/6 355/195/6
f 355/195/6 341/195/6 343/197/6
f 343/197/6 357/197/6 355/195/6
f 359/199/6 343/197/6 345/199/6
f 357/197/6 343/197/6 359/199/6
f 359/199/6 347/201/6 361/201/6
f 347/201/6 359/199/6 345/199/6
f 362/202/22 347/201/22 348/202/22
f 347/201/22 362/202/22 361/201/22
f 337/191/21 349/189/313 335/189/21
f 349/189/313 337/191/21 350/191/21
f 349/189/314 352/192/315 338/192/315
f 338/192/315 335/189/314 349/189/314
f 354/194/316 338/192/315 352/192/315
f 338/192/315 354/194/316 340/194/316
f 342/196/317 354/194/316 356/196/317
f 354/194/316 342/196/317 340/194/316
f 358/198/318 342/196/317 356/196/317
f 342/196/317 358/198/318 344/198/318
f 344/198/318 360/200/319 346/200/320
f 360/200/319 344/198/318 358/198/318
f 362/202/321 346/200/320 360/200/319
f 346/200/320 362/202/321 348/202/321
f 363/203/22 364/204/22 365/204/22
f 363/203/22 366/205/22 364/204/22
f 367/206/21 368/207/21 369/207/21
f 367/206/21 369/207/21 370/208/21
f 371/209/22 366/205/22 363/203/22
f 371/209/22 372/210/22 366/205/22
f 373/211/21 367/206/21 370/208/21
f 373/211/21 370/208/21 374/212/21
f 375/213/22 376/214/22 377/215/322
f 375/213/22 378/216/22 376/214/22
f 379/217/323 380/218/21 381/219/21
f 379/217/323 381/219/21 382/220/21
f 383/221/22 378/216/22 375/213/22
f 383/221/22 384/222/22 378/216/22
f 385/223/21 379/217/323 382/220/21
f 385/223/21 382/220/21 386/224/21
f 387/225/22 384/222/22 383/221/22
f 387/225/22 388/226/22 384/222/22
f 389/227/324 385/223/21 386/224/21
f 389/227/324 386/224/21 390/228/21
f 365/204/22 388/226/22 387/225/22
f 365/204/22 364/204/22 388/226/22
f 368/207/21 389/227/324 390/228/21
f 368/207/21 390/228/21 369/207/21
f 368/207/325 363/203/326 365/204/325
f 368/207/325 367/206/327 363/203/326
f 369/207/328 364/204/328 366/205/329
f 369/207/328 366/205/329 370/208/329
f 367/206/327 371/209/330 363/203/326
f 367/206/327 373/211/331 371/209/330
f 370/208/329 366/205/329 372/210/332
f 370/208/329 372/210/332 374/212/332
f 380/218/333 375/213/334 377/215/335
f 380/218/333 379/217/334 375/213/334
f 379/217/334 383/221/336 375/213/334
f 379/217/334 385/223/336 383/221/336
f 382/220/337 378/216/337 384/222/338
f 382/220/337 384/222/338 386/224/339
f 385/223/336 387/225/340 383/221/336
f 385/223/336 389/227/340 387/225/340
f 386/224/339 384/222/338 388/226/341
f 386/224/339 388/226/341 390/228/342
f 389/227/340 365/204/325 387/225/340
f 389/227/340 368/207/325 365/204/325
f 390/228/342 388/226/341 364/204/328
f 390/228/342 364/204/328 369/207/328
f 377/215/11 381/219/11 380/218/11
f 381/219/11 377/215/11 376/214/11
f 391/229/22 392/230/343 393/231/22
f 391/229/22 394/232/22 392/230/343
f 395/233/21 396/234/344 397/235/21
f 395/233/21 397/235/21 398/236/21
f 399/237/22 394/232/22 391/229/22
f 399/237/22 400/232/22 394/232/22
f 401/238/21 395/233/21 398/236/21
f 401/238/21 398/236/21 402/236/21
f 403/231/345 400/232/22 399/237/22
f 403/231/345 404/230/22 400/232/22
f 405/234/21 401/238/21 402/236/21
f 405/234/21 402/236/21 406/235/346
f 396/234/347 391/229/347 393/231/347
f 396/234/347 395/233/348 391/229/347
f 397/235/349 392/230/349 394/232/349
f 397/235/349 394/232/349 398/236/349
f 395/233/6 399/237/6 391/229/6
f 395/233/6 401/238/6 399/237/6
f 398/236/16 394/232/16 400/232/16
f 398/236/16 400/232/16 402/236/16
f 401/238/350 403/231/350 399/237/350
f 401/238/350 405/234/350 403/231/350
f 402/236/351 400/232/351 404/230/351
f 402/236/351 404/230/351 406/235/351
f 407/239/22 408/240/343 409/241/22
f 407/239/22 410/242/22 408/240/343
f 411/243/21 412/244/352 413/245/21
f 411/243/21 413/245/21 414/246/21
f 415/247/22 410/242/22 407/239/22
f 415/247/22 416/242/22 410/242/22
f 417/248/21 411/243/21 414/246/21
f 417/248/21 414/246/21 418/246/21
f 419/241/353 416/242/22 415/247/22
f 419/241/353 420/240/41 416/242/22
f 421/244/21 417/248/21 418/246/21
f 421/244/21 418/246/21 422/245/346
f 412/244/354 407/239/354 409/241/354
f 412/244/354 411/243/354 407/239/354
f 413/245/355 408/240/355 410/242/356
f 413/245/355 410/242/356 414/246/355
f 411/243/6 415/247/357 407/239/6
f 411/243/6 417/248/357 415/247/357
f 414/246/16 410/242/16 416/242/16
f 414/246/16 416/242/16 418/246/16
f 417/248/357 419/241/358 415/247/357
f 417/248/357 421/244/358 419/241/358
f 418/246/359 416/242/359 420/240/359
f 418/246/359 420/240/359 422/245/360
f 423/249/361 424/250/361 425/250/361
f 423/249/361 426/249/361 424/250/361
f 427/251/22 426/249/22 423/249/22
f 427/251/22 428/251/22 426/249/22
f 425/250/21 429/252/21 430/252/21
f 425/250/21 424/250/21 429/252/21
f 427/251/362 423/249/363 425/250/364
f 425/250/364 430/252/365 427/251/362
f 426/249/366 428/251/367 424/250/368
f 429/252/369 424/250/368 428/251/367
f 431/253/370 432/254/370 433/254/370
f 431/253/370 433/254/370 434/253/370
f 435/255/371 431/253/372 434/253/373
f 435/255/371 434/253/373 436/255/374
f 432/254/22 437/256/22 438/256/22
f 432/254/22 438/256/22 433/254/22
f 435/255/375 432/254/376 431/253/377
f 432/254/376 435/255/375 437/256/378
f 434/253/379 433/254/380 436/255/381
f 438/256/382 436/255/381 433/254/380
f 439/257/383 440/258/383 441/259/384
f 439/257/383 442/260/383 440/258/383
f 443/261/22 442/260/22 439/257/264
f 443/261/22 444/262/22 442/260/22
f 441/259/21 445/263/21 446/264/385
f 441/259/21 440/258/21 445/263/21
f 443/261/386 439/257/387 441/259/388
f 441/259/388 446/264/389 443/261/386
f 442/260/390 444/262/391 440/258/392
f 445/263/393 440/258/392 444/262/391
f 447/265/394 448/266/395 449/267/395
f 447/265/394 449/267/395 450/268/396
f 451/269/397 447/265/398 450/268/399
f 451/269/397 450/268/399 452/270/400
f 448/266/401 453/271/22 454/272/22
f 448/266/401 454/272/22 449/267/22
f 451/269/402 448/266/403 447/265/404
f 448/266/403 451/269/402 453/271/405
f 450/268/406 449/267/407 452/270/408
f 454/272/409 452/270/408 449/267/407
f 443/261/410 446/264/411 429/252/369
f 429/252/369 428/251/367 443/261/410
f 446/264/385 430/252/21 429/252/21
f 430/252/21 446/264/385 445/263/21
f 427/251/362 445/263/412 444/262/412
f 427/251/362 430/252/365 445/263/412
f 428/251/22 444/262/22 443/261/22
f 444/262/22 428/251/22 427/251/22
f 438/256/22 454/272/22 453/271/22
f 454/272/22 438/256/22 437/256/22
f 436/255/381 438/256/382 453/271/413
f 453/271/413 451/269/413 436/255/381
f 436/255/374 451/269/397 452/270/400
f 452/270/400 435/255/371 436/255/374
f 452/270/414 437/256/378 435/255/375
f 437/256/378 452/270/414 454/272/414
f 455/273/415 456/274/11 457/275/10
f 455/273/415 457/275/10 458/276/416
f 458/276/416 457/275/10 459/277/9
f 458/276/416 459/277/9 460/278/417
f 460/278/417 459/277/9 461/279/8
f 460/278/417 461/279/8 462/280/418
f 462/280/418 461/279/8 463/281/7
f 462/280/418 463/281/7 464/282/419
f 464/282/419 463/281/7 465/283/6
f 464/282/419 465/283/6 466/284/420
f 466/284/420 465/283/6 467/281/5
f 466/284/420 467/281/5 468/282/421
f 468/282/421 467/281/5 469/279/4
f 468/282/421 469/279/4 470/280/422
f 470/280/422 469/279/4 471/277/3
f 470/280/422 471/277/3 472/278/423
f 472/278/423 471/277/3 473/275/2
f 472/278/423 473/275/2 474/276/424
f 474/276/424 473/275/2 475/274/1
f 474/276/424 475/274/1 476/273/425
f 476/273/425 475/274/1 477/285/20
f 476/273/425 477/285/20 478/286/426
f 478/286/426 477/285/20 479/287/19
f 478/286/426 479/287/19 480/288/427
f 480/288/427 479/287/19 481/289/18
f 480/288/427 481/289/18 482/290/428
f 482/290/428 481/289/18 483/291/17
f 482/290/428 483/291/17 484/292/429
f 484/292/429 483/291/17 485/293/16
f 484/292/429 485/293/16 486/294/430
f 486/294/430 485/293/16 487/291/15
f 486/294/430 487/291/15 488/292/431
f 488/292/431 487/291/15 489/289/14
f 488/292/431 489/289/14 490/290/432
f 490/290/432 489/289/14 491/287/13
f 490/290/432 491/287/13 492/288/433
f 492/288/433 491/287/13 493/285/12
f 492/288/433 493/285/12 494/286/434
f 494/286/434 493/285/12 456/274/11
f 494/286/434 456/274/11 455/273/415
f 495/295/435 455/273/415 458/276/416
f 495/295/435 458/276/416 496/296/436
f 496/296/436 458/276/416 460/278/417
f 496/296/436 460/278/417 497/297/437
f 497/297/437 460/278/417 462/280/418
f 497/297/437 462/280/418 498/298/438
f 498/298/438 462/280/418 464/282/419
f 498/298/438 464/282/419 499/299/439
f 499/299/439 464/282/419 466/284/420
f 499/299/439 466/284/420 500/300/440
f 500/300/440 466/284/420 468/282/421
f 500/300/440 468/282/421 501/299/441
f 501/299/441 468/282/421 470/280/422
f 501/299/441 470/280/422 502/298/442
f 502/298/442 470/280/422 472/278/423
f 502/298/442 472/278/423 503/297/443
f 503/297/443 472/278/423 474/276/424
f 503/297/443 474/276/424 504/296/444
f 504/296/444 474/276/424 476/273/425
f 504/296/444 476/273/425 505/295/445
f 505/295/445 476/273/425 478/286/426
f 505/295/445 478/286/426 506/301/446
f 506/301/446 478/286/426 480/288/427
f 506/301/446 480/288/427 507/302/447
f 507/302/447 480/288/427 482/290/428
f 507/302/447 482/290/428 508/303/448
f 508/303/448 482/290/428 484/292/429
f 508/303/448 484/292/429 509/304/449
f 509/304/449 484/292/429 486/294/430
f 509/304/449 486/294/430 510/305/450
f 510/305/450 486/294/430 488/292/431
f 510/305/450 488/292/431 511/304/451
f 511/304/451 488/292/431 490/290/432
f 511/304/451 490/290/432 512/303/452
f 512/303/452 490/290/432 492/288/433
f 512/303/452 492/288/433 513/302/453
f 513/302/453 492/288/433 494/286/434
f 513/302/453 494/286/434 514/301/454
f 514/301/454 494/286/434 455/273/415
f 514/301/454 455/273/415 495/295/435
f 515/306/11 495/295/435 496/296/436
f 515/306/11 496/296/436 516/307/10
f 516/307/10 496/296/436 497/297/437
f 516/307/10 497/297/437 517/308/9
f 517/308/9 497/297/437 498/298/438
f 517/308/9 498/298/438 518/309/8
f 518/309/8 498/298/438 499/299/439
f 518/309/8 499/299/439 519/310/7
f 519/310/7 499/299/439 500/300/440
f 519/310/7 500/300/440 520/311/6
f 520/311/6 500/300/440 501/299/441
f 520/311/6 501/299/441 521/310/5
f 521/310/5 501/299/441 502/298/442
f 521/310/5 502/298/442 522/309/4
f 522/309/4 502/298/442 503/297/443
f 522/309/4 503/297/443 523/308/3
f 523/308/3 503/297/443 504/296/444
f 523/308/3 504/296/444 524/307/2
f 524/307/2 504/296/444 505/295/445
f 524/307/2 505/295/445 525/306/1
f 525/306/1 505/295/445 506/301/446
f 525/306/1 506/301/446 526/312/20
f 526/312/20 506/301/446 507/302/447
f 526/312/20 507/302/447 527/313/19
f 527/313/19 507/302/447 508/303/448
f 527/313/19 508/303/448 528/314/18
f 528/314/18 508/303/448 509/304/449
f 528/314/18 509/304/449 529/315/17
f 529/315/17 509/304/449 510/305/450
f 529/315/17 510/305/450 530/316/16
f 530/316/16 510/305/450 511/304/451
f 530/316/16 511/304/451 531/315/15
f 531/315/15 511/304/451 512/303/452
f 531/315/15 512/303/452 532/314/14
f 532/314/14 512/303/452 513/302/453
f 532/314/14 513/302/453 533/313/13
f 533/313/13 513/302/453 514/301/454
f 533/313/13 514/301/454 534/312/12
f 534/312/12 514/301/454 495/295/435
f 534/312/12 495/295/435 515/306/11
f 483/317/21 465/318/21 485/319/21
f 465/318/21 483/317/21 467/320/21
f 487/321/21 485/319/21 465/318/21
f 465/318/21 463/322/21 487/321/21
f 487/321/21 463/322/21 461/323/21
f 461/323/21 489/324/21 487/321/21
f 489/324/21 461/323/21 459/325/21
f 459/325/21 491/326/21 489/324/21
f 491/326/21 459/325/21 457/327/21
f 457/327/21 493/328/21 491/326/21
f 493/328/21 457/327/21 456/329/324
f 473/330/21 477/331/21 475/332/21
f 477/331/21 473/330/21 471/333/21
f 471/333/21 479/334/21 477/331/21
f 471/333/21 481/335/21 479/334/21
f 481/335/21 471/333/21 469/336/21
f 469/336/21 483/317/21 481/335/21
f 483/317/21 469/336/21 467/320/21
f 531/315/22 520/311/22 530/316/22
f 531/315/22 519/310/22 520/311/22
f 520/311/22 529/315/22 530/316/22
f 529/315/22 520/311/22 521/310/22
f 521/310/22 528/314/22 529/315/22
f 528/314/22 521/310/22 522/309/22
f 522/309/22 527/313/22 528/314/22
f 527/313/22 522/309/22 523/308/22
f 526/312/22 524/307/22 525/306/22
f 524/307/22 526/312/22 527/313/22
f 527/313/22 523/308/22 524/307/22
f 516/307/22 534/312/22 515/306/455
f 534/312/22 516/307/22 517/308/22
f 517/308/22 533/313/22 534/312/22
f 533/313/22 517/308/22 518/309/22
f 518/309/22 532/314/22 533/313/22
f 518/309/22 531/315/22 532/314/22
f 531/315/22 518/309/22 519/310/22
f 535/337/456 536/338/10 537/339/11
f 535/337/456 538/340/457 536/338/10
f 538/340/457 539/341/9 536/338/10
f 538/340/457 540/342/458 539/341/9
f 540/342/458 541/343/8 539/341/9
f 540/342/458 542/344/459 541/343/8
f 542/344/459 543/345/7 541/343/8
f 542/344/459 544/346/460 543/345/7
f 544/346/460 545/347/6 543/345/7
f 544/346/460 546/348/461 545/347/6
f 546/348/461 547/345/5 545/347/6
f 546/348/461 548/346/462 547/345/5
f 548/346/462 549/343/4 547/345/5
f 548/346/462 550/344/463 549/343/4
f 550/344/463 551/341/3 549/343/4
f 550/344/463 552/342/464 551/341/3
f 552/342/464 553/338/2 551/341/3
f 552/342/464 554/340/465 553/338/2
f 554/340/465 555/339/1 553/338/2
f 554/340/465 556/337/466 555/339/1
f 556/337/466 557/349/20 555/339/1
f 556/337/466 558/350/467 557/349/20
f 558/350/467 559/351/19 557/349/20
f 558/350/467 560/352/468 559/351/19
f 560/352/468 561/353/18 559/351/19
f 560/352/468 562/354/469 561/353/18
f 562/354/469 563/355/17 561/353/18
f 562/354/469 564/356/470 563/355/17
f 564/356/470 565/357/16 563/355/17
f 564/356/470 566/358/471 565/357/16
f 566/358/471 567/355/15 565/357/16
f 566/358/471 568/356/472 567/355/15
f 568/356/472 569/353/14 567/355/15
f 568/356/472 570/354/473 569/353/14
f 570/354/473 571/351/13 569/353/14
f 570/354/473 572/352/474 571/351/13
f 572/352/474 573/349/12 571/351/13
f 572/352/474 574/350/475 573/349/12
f 574/350/475 537/339/11 573/349/12
f 574/350/475 535/337/456 537/339/11
f 575/359/476 538/340/457 535/337/456
f 575/359/476 576/360/477 538/340/457
f 576/360/477 540/342/458 538/340/457
f 576/360/477 577/361/478 540/342/458
f 577/361/478 542/344/459 540/342/458
f 577/361/478 578/362/479 542/344/459
f 578/362/479 544/346/460 542/344/459
f 578/362/479 579/363/480 544/346/460
f 579/363/480 546/348/461 544/346/460
f 579/363/480 580/364/481 546/348/461
f 580/364/481 548/346/462 546/348/461
f 580/364/481 581/363/482 548/346/462
f 581/363/482 550/344/463 548/346/462
f 581/363/482 582/362/483 550/344/463
f 582/362/483 552/342/464 550/344/463
f 582/362/483 583/361/484 552/342/464
f 583/361/484 554/340/465 552/342/464
f 583/361/484 584/360/485 554/340/465
f 584/360/485 556/337/466 554/340/465
f 584/360/485 585/359/486 556/337/466
f 585/359/486 558/350/467 556/337/466
f 585/359/486 586/365/487 558/350/467
f 586/365/487 560/352/468 558/350/467
f 586/365/487 587/366/488 560/352/468
f 587/366/488 562/354/469 560/352/468
f 587/366/488 588/367/489 562/354/469
f 588/367/489 564/356/470 562/354/469
f 588/367/489 589/368/490 564/356/470
f 589/368/490 566/358/471 564/356/470
f 589/368/490 590/369/491 566/358/471
f 590/369/491 568/356/472 566/358/471
f 590/369/491 591/368/492 568/356/472
f 591/368/492 570/354/473 568/356/472
f 591/368/492 592/367/493 570/354/473
f 592/367/493 572/352/474 570/354/473
f 592/367/493 593/366/494 572/352/474
f 593/366/494 574/350/475 572/352/474
f 593/366/494 594/365/495 574/350/475
f 594/365/495 535/337/456 574/350/475
f 594/365/495 575/359/476 535/337/456
f 595/370/11 576/360/477 575/359/476
f 595/370/11 596/371/10 576/360/477
f 596/371/10 577/361/478 576/360/477
f 596/371/10 597/372/9 577/361/478
f 597/372/9 578/362/479 577/361/478
f 597/372/9 598/373/8 578/362/479
f 598/373/8 579/363/480 578/362/479
f 598/373/8 599/374/7 579/363/480
f 599/374/7 580/364/481 579/363/480
f 599/374/7 600/375/6 580/364/481
f 600/375/6 581/363/482 580/364/481
f 600/375/6 601/374/5 581/363/482
f 601/374/5 582/362/483 581/363/482
f 601/374/5 602/373/4 582/362/483
f 602/373/4 583/361/484 582/362/483
f 602/373/4 603/372/3 583/361/484
f 603/372/3 584/360/485 583/361/484
f 603/372/3 604/371/2 584/360/485
f 604/371/2 585/359/486 584/360/485
f 604/371/2 605/370/1 585/359/486
f 605/370/1 586/365/487 585/359/486
f 605/370/1 606/376/20 586/365/487
f 606/376/20 587/366/488 586/365/487
f 606/376/20 607/377/19 587/366/488
f 607/377/19 588/367/489 587/366/488
f 607/377/19 608/378/18 588/367/489
f 608/378/18 589/368/490 588/367/489
f 608/378/18 609/379/17 589/368/490
f 609/379/17 590/369/491 589/368/490
f 609/379/17 610/380/16 590/369/491
f 610/380/16 591/368/492 590/369/491
f 610/380/16 611/379/15 591/368/492
f 611/379/15 592/367/493 591/368/492
f 611/379/15 612/378/14 592/367/493
f 612/378/14 593/366/494 592/367/493
f 612/378/14 613/377/13 593/366/494
f 613/377/13 594/365/495 593/366/494
f 613/377/13 614/376/12 594/365/495
f 614/376/12 575/359/476 594/365/495
f 614/376/12 595/370/11 575/359/476
f 567/355/22 545/347/22 565/357/22
f 545/347/22 567/355/22 543/345/22
f 565/357/22 545/347/22 547/345/22
f 547/345/22 563/355/22 565/357/22
f 561/353/22 547/345/22 549/343/22
f 547/345/22 561/353/22 563/355/22
f 557/349/22 553/338/22 555/339/496
f 553/338/22 557/349/22 559/351/22
f 559/351/22 551/341/22 553/338/22
f 549/343/22 559/351/22 561/353/22
f 559/351/22 549/343/22 551/341/22
f 573/349/22 537/339/22 536/338/22
f 539/341/22 573/349/22 536/338/22
f 573/349/22 539/341/22 571/351/22
f 569/353/22 539/341/22 541/343/22
f 539/341/22 569/353/22 571/351/22
f 567/355/22 541/343/22 543/345/22
f 541/343/22 567/355/22 569/353/22
f 615/381/497 616/382/11 617/383/10
f 615/381/497 617/383/10 618/384/498
f 618/384/498 617/383/10 619/385/9
f 618/384/498 619/385/9 620/386/499
f 620/386/499 619/385/9 621/387/500
f 620/386/499 621/387/500 622/388/501
f 622/388/501 621/387/500 623/389/502
f 622/388/501 623/389/502 624/390/503
f 624/390/503 623/389/502 625/391/6
f 624/390/503 625/391/6 626/392/504
f 626/392/504 625/391/6 627/389/5
f 626/392/504 627/389/5 628/390/505
f 628/390/505 627/389/5 629/387/506
f 628/390/505 629/387/506 630/388/507
f 630/388/507 629/387/506 631/385/3
f 630/388/507 631/385/3 632/386/508
f 632/386/508 631/385/3 633/383/2
f 632/386/508 633/383/2 634/384/509
f 634/384/509 633/383/2 635/382/1
f 634/384/509 635/382/1 636/381/510
f 636/381/510 635/382/1 637/393/20
f 636/381/510 637/393/20 638/394/511
f 638/394/511 637/393/20 639/395/19
f 638/394/511 639/395/19 640/396/512
f 640/396/512 639/395/19 641/397/513
f 640/396/512 641/397/513 642/398/514
f 642/398/514 641/397/513 643/399/17
f 642/398/514 643/399/17 644/400/515
f 644/400/515 643/399/17 645/401/16
f 644/400/515 645/401/16 646/402/516
f 646/402/516 645/401/16 647/399/15
f 646/402/516 647/399/15 648/400/517
f 648/400/517 647/399/15 649/397/14
f 648/400/517 649/397/14 650/398/518
f 650/398/518 649/397/14 651/395/13
f 650/398/518 651/395/13 652/396/519
f 652/396/519 651/395/13 653/393/12
f 652/396/519 653/393/12 654/394/520
f 654/394/520 653/393/12 616/382/11
f 654/394/520 616/382/11 615/381/497
f 655/403/521 615/404/497 618/405/498
f 654/406/520 615/404/497 655/403/521
f 655/407/521 618/408/498 656/409/522
f 656/409/522 618/408/498 620/410/499
f 656/409/522 620/410/499 657/411/523
f 657/411/523 620/410/499 622/412/501
f 657/411/523 622/412/501 658/413/524
f 658/413/524 622/412/501 624/414/503
f 658/413/524 624/414/503 659/415/525
f 659/415/525 624/414/503 626/416/504
f 659/415/525 626/416/504 660/417/526
f 660/417/526 626/416/504 628/414/505
f 660/417/526 628/414/505 661/415/527
f 661/415/527 628/414/505 630/412/507
f 661/415/527 630/412/507 662/413/528
f 662/413/528 630/412/507 632/410/508
f 662/413/528 632/410/508 663/411/529
f 663/411/529 632/410/508 634/408/509
f 663/411/529 634/408/509 664/409/530
f 664/409/530 634/408/509 636/403/510
f 664/409/530 636/403/510 665/407/531
f 665/407/531 636/403/510 638/406/511
f 665/407/531 638/406/511 666/418/532
f 666/418/532 638/406/511 640/419/512
f 666/418/532 640/419/512 667/420/533
f 667/420/533 640/419/512 642/421/514
f 667/420/533 642/421/514 668/422/534
f 668/422/534 642/421/514 644/423/515
f 668/422/534 644/423/515 669/424/535
f 669/424/535 644/423/515 646/425/516
f 669/424/535 646/425/516 670/426/536
f 670/426/536 646/425/516 648/423/517
f 670/426/536 648/423/517 671/424/537
f 671/424/537 648/423/517 650/421/518
f 671/424/537 650/421/518 672/422/538
f 672/422/538 650/421/518 652/419/519
f 672/422/538 652/419/519 673/420/539
f 673/420/539 652/419/519 654/406/520
f 673/420/539 654/406/520 674/418/540
f 674/418/540 654/406/520 655/403/521
f 675/427/541 655/407/541 656/409/542
f 675/427/541 656/409/542 676/428/543
f 676/428/543 656/409/542 657/411/544
f 676/428/543 657/411/544 677/429/545
f 677/429/545 657/411/544 658/413/546
f 677/429/545 658/413/546 678/430/547
f 678/430/547 658/413/546 659/415/548
f 678/430/547 659/415/548 679/431/549
f 679/431/549 659/415/548 660/417/550
f 679/431/549 660/417/550 680/432/550
f 680/432/550 660/417/550 661/415/551
f 680/432/550 661/415/551 681/431/552
f 681/431/552 661/415/551 662/413/553
f 681/431/552 662/413/553 682/430/554
f 682/430/554 662/413/553 663/411/555
f 682/430/554 663/411/555 683/429/556
f 683/429/556 663/411/555 664/409/557
f 683/429/556 664/409/557 684/428/558
f 684/428/558 664/409/557 665/407/559
f 684/428/558 665/407/559 685/427/559
f 685/427/559 665/407/559 666/418/560
f 685/427/559 666/418/560 686/433/561
f 686/433/561 666/418/560 667/420/562
f 686/433/561 667/420/562 687/434/563
f 687/434/563 667/420/562 668/422/564
f 687/434/563 668/422/564 688/435/565
f 688/435/565 668/422/564 669/424/566
f 688/435/565 669/424/566 689/436/567
f 689/436/567 669/424/566 670/426/568
f 689/436/567 670/426/568 690/437/568
f 690/437/568 670/426/568 671/424/569
f 690/437/568 671/424/569 691/436/570
f 691/436/570 671/424/569 672/422/571
f 691/436/570 672/422/571 692/435/572
f 692/435/572 672/422/571 673/420/573
f 692/435/572 673/420/573 693/434/574
f 693/434/574 673/420/573 674/418/575
f 693/434/574 674/418/575 694/433/576
f 694/433/576 674/418/575 655/407/541
f 694/433/576 655/407/541 675/427/541
f 695/438/11 675/427/11 676/428/577
f 695/438/11 676/428/577 696/439/577
f 696/439/577 676/428/577 677/429/578
f 696/439/577 677/429/578 697/440/579
f 697/440/579 677/429/578 678/430/580
f 697/440/579 678/430/580 698/441/580
f 698/441/580 678/430/580 679/431/581
f 698/441/580 679/431/581 699/442/581
f 699/442/581 679/431/581 680/432/6
f 699/442/581 680/432/6 700/443/6
f 700/443/6 680/432/6 681/431/582
f 700/443/6 681/431/582 701/442/582
f 701/442/582 681/431/582 682/430/583
f 701/442/582 682/430/583 702/441/583
f 702/441/583 682/430/583 683/429/584
f 702/441/583 683/429/584 703/440/585
f 703/440/585 683/429/584 684/428/586
f 703/440/585 684/428/586 704/439/586
f 704/439/586 684/428/586 685/427/1
f 704/439/586 685/427/1 705/438/1
f 705/438/1 685/427/1 686/433/587
f 705/438/1 686/433/587 706/444/587
f 706/444/587 686/433/587 687/434/588
f 706/444/587 687/434/588 707/445/589
f 707/445/589 687/434/588 688/435/590
f 707/445/589 688/435/590 708/446/590
f 708/446/590 688/435/590 689/436/591
f 708/446/590 689/436/591 709/447/591
f 709/447/591 689/436/591 690/437/16
f 709/447/591 690/437/16 710/448/16
f 710/448/16 690/437/16 691/436/592
f 710/448/16 691/436/592 711/447/593
f 711/447/593 691/436/592 692/435/594
f 711/447/593 692/435/594 712/446/594
f 712/446/594 692/435/594 693/434/595
f 712/446/594 693/434/595 713/445/596
f 713/445/596 693/434/595 694/433/597
f 713/445/596 694/433/597 714/444/597
f 714/444/597 694/433/597 675/427/11
f 714/444/597 675/427/11 695/438/11
f 715/449/598 716/450/598 717/451/10
f 715/449/598 717/451/10 718/452/10
f 718/452/10 717/451/10 719/453/9
f 718/452/10 719/453/9 720/454/9
f 720/454/9 719/453/9 721/455/8
f 720/454/9 721/455/8 722/456/8
f 722/456/8 721/455/8 723/457/502
f 722/456/8 723/457/502 724/458/502
f 724/458/502 723/457/502 725/459/6
f 724/458/502 725/459/6 726/460/6
f 726/460/6 725/459/6 727/457/599
f 726/460/6 727/457/599 728/458/599
f 728/458/599 727/457/599 729/455/4
f 728/458/599 729/455/4 730/456/4
f 730/456/4 729/455/4 731/453/3
f 730/456/4 731/453/3 732/454/3
f 732/454/3 731/453/3 733/451/2
f 732/454/3 733/451/2 734/452/2
f 734/452/2 733/451/2 735/450/600
f 734/452/2 735/450/600 736/449/600
f 736/449/600 735/450/600 737/461/20
f 736/449/600 737/461/20 738/462/20
f 738/462/20 737/461/20 739/463/19
f 738/462/20 739/463/19 740/464/19
f 740/464/19 739/463/19 741/465/18
f 740/464/19 741/465/18 742/466/18
f 742/466/18 741/465/18 743/467/601
f 742/466/18 743/467/601 744/468/601
f 744/468/601 743/467/601 745/469/16
f 744/468/601 745/469/16 746/470/16
f 746/470/16 745/469/16 747/467/602
f 746/470/16 747/467/602 748/468/602
f 748/468/602 747/467/602 749/465/14
f 748/468/602 749/465/14 750/466/14
f 750/466/14 749/465/14 751/463/13
f 750/466/14 751/463/13 752/464/13
f 752/464/13 751/463/13 753/461/12
f 752/464/13 753/461/12 754/462/12
f 754/462/12 753/461/12 716/450/598
f 754/462/12 716/450/598 715/449/598
f 755/471/603 715/449/604 718/452/605
f 755/471/603 718/452/605 756/472/606
f 756/472/606 718/452/605 720/454/607
f 756/472/606 720/454/607 757/473/608
f 757/473/608 720/454/607 722/456/609
f 757/473/608 722/456/609 758/474/610
f 758/474/610 722/456/609 724/458/611
f 758/474/610 724/458/611 759/475/612
f 759/475/612 724/458/611 726/460/613
f 759/475/612 726/460/613 760/476/614
f 760/476/614 726/460/613 728/458/615
f 760/476/614 728/458/615 761/475/616
f 761/475/616 728/458/615 730/456/617
f 761/475/616 730/456/617 762/474/618
f 762/474/618 730/456/617 732/454/619
f 762/474/618 732/454/619 763/473/620
f 763/473/620 732/454/619 734/452/621
f 763/473/620 734/452/621 764/472/622
f 764/472/622 734/452/621 736/449/623
f 764/472/622 736/449/623 765/471/624
f 765/471/624 736/449/623 738/462/625
f 765/471/624 738/462/625 766/477/626
f 766/477/626 738/462/625 740/464/627
f 766/477/626 740/464/627 767/478/628
f 767/478/628 740/464/627 742/466/629
f 767/478/628 742/466/629 768/479/630
f 768/479/630 742/466/629 744/468/631
f 768/479/630 744/468/631 769/480/632
f 769/480/632 744/468/631 746/470/633
f 769/480/632 746/470/633 770/481/634
f 770/481/634 746/470/633 748/468/635
f 770/481/634 748/468/635 771/480/636
f 771/480/636 748/468/635 750/466/637
f 771/480/636 750/466/637 772/479/638
f 772/479/638 750/466/637 752/464/639
f 772/479/638 752/464/639 773/478/640
f 773/478/640 752/464/639 754/462/641
f 773/478/640 754/462/641 774/477/642
f 774/477/642 754/462/641 715/449/604
f 774/477/642 715/449/604 755/471/603
f 775/482/11 755/471/11 756/472/10
f 775/482/11 756/472/10 776/483/10
f 776/483/10 756/472/10 757/473/9
f 776/483/10 757/473/9 777/484/9
f 777/484/9 757/473/9 758/474/8
f 777/484/9 758/474/8 778/485/8
f 778/485/8 758/474/8 759/475/7
f 778/485/8 759/475/7 779/486/7
f 779/486/7 759/475/7 760/476/6
f 779/486/7 760/476/6 780/487/6
f 780/487/6 760/476/6 761/475/5
f 780/487/6 761/475/5 781/486/5
f 781/486/5 761/475/5 762/474/4
f 781/486/5 762/474/4 782/485/4
f 782/485/4 762/474/4 763/473/3
f 782/485/4 763/473/3 783/484/3
f 783/484/3 763/473/3 764/472/2
f 783/484/3 764/472/2 784/483/2
f 784/483/2 764/472/2 765/471/600
f 784/483/2 765/471/600 785/482/600
f 785/482/600 765/471/600 766/477/20
f 785/482/600 766/477/20 786/488/20
f 786/488/20 766/477/20 767/478/19
f 786/488/20 767/478/19 787/489/19
f 787/489/19 767/478/19 768/479/18
f 787/489/19 768/479/18 788/490/18
f 788/490/18 768/479/18 769/480/17
f 788/490/18 769/480/17 789/491/17
f 789/491/17 769/480/17 770/481/16
f 789/491/17 770/481/16 790/492/16
f 790/492/16 770/481/16 771/480/15
f 790/492/16 771/480/15 791/491/15
f 791/491/15 771/480/15 772/479/14
f 791/491/15 772/479/14 792/490/14
f 792/490/14 772/479/14 773/478/13
f 792/490/14 773/478/13 793/489/13
f 793/489/13 773/478/13 774/477/12
f 793/489/13 774/477/12 794/488/12
f 794/488/12 774/477/12 755/471/11
f 794/488/12 755/471/11 775/482/11
f 747/467/21 745/469/21 725/459/21
f 725/459/21 723/457/21 747/467/21
f 745/469/21 727/457/21 725/459/21
f 727/457/21 745/469/21 743/467/21
f 741/465/21 729/455/21 727/457/21
f 727/457/21 743/467/21 741/465/21
f 737/461/21 735/450/21 733/451/21
f 733/451/21 739/463/21 737/461/21
f 739/463/21 733/451/21 731/453/21
f 729/455/21 741/465/21 739/463/21
f 739/463/21 731/453/21 729/455/21
f 753/461/21 717/451/21 716/450/21
f 719/453/21 717/451/21 753/461/21
f 753/461/21 751/463/21 719/453/21
f 749/465/21 721/455/21 719/453/21
f 719/453/21 751/463/21 749/465/21
f 747/467/21 723/457/21 721/455/21
f 721/455/21 749/465/21 747/467/21
f 791/491/22 780/487/22 790/492/22
f 780/487/22 791/491/22 779/486/22
f 789/491/22 780/487/22 781/486/22
f 780/487/22 789/491/22 790/492/22
f 781/486/22 788/490/22 789/491/22
f 788/490/22 781/486/22 782/485/22
f 782/485/22 787/489/22 788/490/22
f 787/489/22 782/485/22 783/484/22
f 784/483/22 787/489/22 783/484/22
f 784/483/22 786/488/22 787/489/22
f 786/488/22 784/483/22 785/482/22
f 776/483/22 794/488/22 775/482/22
f 794/488/22 776/483/22 777/484/22
f 777/484/22 793/489/22 794/488/22
f 793/489/22 777/484/22 778/485/22
f 778/485/22 792/490/22 793/489/22
f 791/491/22 778/485/22 779/486/22
f 778/485/22 791/491/22 792/490/22
f 795/493/11 796/494/10 797/495/11
f 796/494/10 795/493/11 798/496/10
f 798/496/10 799/497/9 796/494/10
f 799/497/9 798/496/10 800/498/9
f 800/498/9 801/499/8 799/497/9
f 801/499/8 800/498/9 802/500/8
f 802/500/8 803/501/502 801/499/8
f 803/501/502 802/500/8 804/502/502
f 804/502/502 805/503/6 803/501/502
f 805/503/6 804/502/502 806/504/6
f 806/504/6 807/501/599 805/503/6
f 807/501/599 806/504/6 808/502/599
f 808/502/599 809/499/4 807/501/599
f 809/499/4 808/502/599 810/500/4
f 810/500/4 811/497/3 809/499/4
f 811/497/3 810/500/4 812/498/3
f 812/498/3 813/494/2 811/497/3
f 813/494/2 812/498/3 814/496/2
f 814/496/2 815/495/1 813/494/2
f 815/495/1 814/496/2 816/493/1
f 816/493/1 817/505/20 815/495/1
f 817/505/20 816/493/1 818/506/20
f 818/506/20 819/507/19 817/505/20
f 819/507/19 818/506/20 820/508/19
f 820/508/19 821/509/18 819/507/19
f 821/509/18 820/508/19 822/510/18
f 822/510/18 823/511/601 821/509/18
f 823/511/601 822/510/18 824/512/601
f 824/512/601 825/513/16 823/511/601
f 825/513/16 824/512/601 826/514/16
f 826/514/16 827/511/602 825/513/16
f 827/511/602 826/514/16 828/512/602
f 828/512/602 829/509/14 827/511/602
f 829/509/14 828/512/602 830/510/14
f 830/510/14 831/507/13 829/509/14
f 831/507/13 830/510/14 832/508/13
f 832/508/13 833/505/12 831/507/13
f 833/505/12 832/508/13 834/506/12
f 834/506/12 797/495/11 833/505/12
f 797/495/11 834/506/12 795/493/11
f 800/498/21 798/496/21 795/493/21
f 799/497/22 801/499/22 796/495/22
f 802/500/21 800/498/21 795/493/21
f 801/499/22 803/501/22 796/495/22
f 804/502/21 802/500/21 795/493/21
f 803/501/22 805/503/22 796/495/22
f 806/504/21 804/502/21 795/493/21
f 805/503/22 807/501/22 796/495/22
f 808/502/21 806/504/21 795/493/21
f 807/501/22 809/499/22 796/495/22
f 810/500/21 808/502/21 795/493/21
f 809/499/22 811/497/22 796/495/22
f 812/498/21 810/500/21 795/493/21
f 811/497/22 813/494/22 796/495/22
f 814/496/21 812/498/21 795/493/21
f 813/494/22 815/495/22 796/495/22
f 816/493/21 814/496/21 795/493/21
f 815/495/22 817/505/22 796/495/22
f 818/506/21 816/493/21 795/493/21
f 817/505/22 819/507/22 796/495/22
f 820/508/21 818/506/21 795/493/21
f 819/507/22 821/509/22 796/495/22
f 822/510/21 820/508/21 795/493/21
f 821/509/22 823/511/22 796/495/22
f 824/512/21 822/510/21 795/493/21
f 823/511/22 825/513/22 796/495/22
f 826/514/21 824/512/21 795/493/21
f 825/513/22 827/511/22 796/495/22
f 828/512/21 826/514/21 795/493/21
f 827/511/22 829/509/22 796/495/22
f 830/510/21 828/512/21 795/493/21
f 829/509/22 831/507/22 796/495/22
f 832/508/21 830/510/21 795/493/21
f 831/507/22 833/505/22 796/495/22
f 834/506/21 832/508/21 795/493/21
f 833/505/22 797/495/22 796/495/22
f 835/515/502 836/516/643 837/517/6
f 835/515/502 838/518/644 836/516/643
f 838/518/645 839/519/646 836/516/647
f 838/518/645 840/520/648 839/519/646
f 841/521/649 842/522/650 843/523/651
f 841/521/649 844/524/652 842/522/650
f 844/524/653 837/517/6 842/522/654
f 844/524/653 835/515/502 837/517/6
f 845/525/8 838/518/644 835/515/502
f 845/525/8 846/526/655 838/518/644
f 846/526/656 840/520/648 838/518/645
f 846/526/656 847/527/657 840/520/648
f 848/528/658 844/524/652 841/521/649
f 848/528/658 849/529/659 844/524/652
f 849/529/660 835/515/502 844/524/653
f 849/529/660 845/525/8 835/515/502
f 850/530/9 846/526/655 845/525/8
f 850/530/9 851/531/661 846/526/655
f 851/531/662 847/527/657 846/526/656
f 851/531/662 852/532/663 847/527/657
f 853/533/664 849/529/659 848/528/658
f 853/533/664 854/534/665 849/529/659
f 854/534/666 845/525/8 849/529/660
f 854/534/666 850/530/9 845/525/8
f 855/535/10 851/531/661 850/530/9
f 855/535/10 856/536/667 851/531/661
f 856/536/668 852/532/663 851/531/662
f 856/536/668 857/537/669 852/532/663
f 858/538/670 854/534/665 853/533/664
f 858/538/670 859/539/671 854/534/665
f 859/539/672 850/530/9 854/534/666
f 859/539/672 855/535/10 850/530/9
f 860/540/11 856/536/667 855/535/10
f 860/540/11 861/541/673 856/536/667
f 861/541/674 857/537/669 856/536/668
f 861/541/674 862/542/675 857/537/669
f 863/543/676 859/539/671 858/538/670
f 863/543/676 864/544/677 859/539/671
f 864/544/678 855/535/10 859/539/672
f 864/544/678 860/540/11 855/535/10
f 865/545/12 861/541/673 860/540/11
f 865/545/12 866/546/679 861/541/673
f 866/546/680 862/542/675 861/541/674
f 866/546/680 867/547/681 862/542/675
f 868/548/682 864/544/677 863/543/676
f 868/548/682 869/549/683 864/544/677
f 869/549/684 860/540/11 864/544/678
f 869/549/684 865/545/12 860/540/11
f 870/550/13 866/546/679 865/545/12
f 870/550/13 871/551/685 866/546/679
f 871/551/686 867/547/681 866/546/680
f 871/551/686 872/552/687 867/547/681
f 873/553/688 869/549/683 868/548/682
f 873/553/688 874/554/689 869/549/683
f 874/554/690 865/545/12 869/549/684
f 874/554/690 870/550/13 865/545/12
f 875/555/14 871/551/685 870/550/13
f 875/555/14 876/556/691 871/551/685
f 876/556/692 872/552/687 871/551/686
f 876/556/692 877/557/693 872/552/687
f 878/558/694 874/554/689 873/553/688
f 878/558/694 879/559/695 874/554/689
f 879/559/696 870/550/13 874/554/690
f 879/559/696 875/555/14 870/550/13
f 880/560/602 876/556/691 875/555/14
f 880/560/602 881/561/697 876/556/691
f 881/561/698 877/557/693 876/556/692
f 881/561/698 882/562/699 877/557/693
f 883/563/700 879/559/695 878/558/694
f 883/563/700 884/564/701 879/559/695
f 884/564/702 875/555/14 879/559/696
f 884/564/702 880/560/602 875/555/14
f 885/565/16 881/561/697 880/560/602
f 885/565/16 886/566/703 881/561/697
f 886/566/704 882/562/699 881/561/698
f 886/566/704 887/567/705 882/562/699
f 888/568/706 884/564/701 883/563/700
f 888/568/706 889/569/707 884/564/701
f 889/569/708 880/560/602 884/564/702
f 889/569/708 885/565/16 880/560/602
f 890/560/17 886/566/703 885/565/16
f 890/560/17 891/561/709 886/566/703
f 891/561/710 887/567/705 886/566/704
f 891/561/710 892/562/711 887/567/705
f 893/563/712 889/569/707 888/568/706
f 893/563/712 894/564/713 889/569/707
f 894/564/714 885/565/16 889/569/708
f 894/564/714 890/560/17 885/565/16
f 895/555/18 891/561/709 890/560/17
f 895/555/18 896/556/715 891/561/709
f 896/556/716 892/562/711 891/561/710
f 896/556/716 897/557/717 892/562/711
f 898/558/718 894/564/713 893/563/712
f 898/558/718 899/559/719 894/564/713
f 899/559/720 890/560/17 894/564/714
f 899/559/720 895/555/18 890/560/17
f 900/550/19 896/556/715 895/555/18
f 900/550/19 901/551/721 896/556/715
f 901/551/722 897/557/717 896/556/716
f 901/551/722 902/552/723 897/557/717
f 903/553/724 899/559/719 898/558/718
f 903/553/724 904/554/725 899/559/719
f 904/554/726 895/555/18 899/559/720
f 904/554/726 900/550/19 895/555/18
f 905/545/20 901/551/721 900/550/19
f 905/545/20 906/546/727 901/551/721
f 906/546/728 902/552/723 901/551/722
f 906/546/728 907/547/729 902/552/723
f 908/548/730 904/554/725 903/553/724
f 908/548/730 909/549/731 904/554/725
f 909/549/732 900/550/19 904/554/726
f 909/549/732 905/545/20 900/550/19
f 910/540/1 906/546/727 905/545/20
f 910/540/1 911/541/733 906/546/727
f 911/541/734 907/547/729 906/546/728
f 911/541/734 912/542/735 907/547/729
f 913/543/736 909/549/731 908/548/730
f 913/543/736 914/544/737 909/549/731
f 914/544/738 905/545/20 909/549/732
f 914/544/738 910/540/1 905/545/20
f 915/535/2 911/541/733 910/540/1
f 915/535/2 916/536/739 911/541/733
f 916/536/740 912/542/735 911/541/734
f 916/536/740 917/537/741 912/542/735
f 918/538/742 914/544/737 913/543/736
f 918/538/742 919/539/743 914/544/737
f 919/539/744 910/540/1 914/544/738
f 919/539/744 915/535/2 910/540/1
f 920/530/3 916/536/739 915/535/2
f 920/530/3 921/531/745 916/536/739
f 921/531/746 917/537/741 916/536/740
f 921/531/746 922/532/747 917/537/741
f 923/533/748 919/539/743 918/538/742
f 923/533/748 924/534/749 919/539/743
f 924/534/750 915/535/2 919/539/744
f 924/534/750 920/530/3 915/535/2
f 925/525/4 921/531/745 920/530/3
f 925/525/4 926/526/751 921/531/745
f 926/526/752 922/532/747 921/531/746
f 926/526/752 927/527/753 922/532/747
f 928/528/754 924/534/749 923/533/748
f 928/528/754 929/529/755 924/534/749
f 929/529/756 920/530/3 924/534/750
f 929/529/756 925/525/4 920/530/3
f 930/515/5 926/526/751 925/525/4
f 930/515/5 931/518/757 926/526/751
f 931/518/758 927/527/753 926/526/752
f 931/518/758 932/520/759 927/527/753
f 933/521/760 929/529/755 928/528/754
f 933/521/760 934/524/761 929/529/755
f 934/524/762 925/525/4 929/529/756
f 934/524/762 930/515/5 925/525/4
f 837/517/6 931/518/757 930/515/5
f 837/517/6 836/516/643 931/518/757
f 836/516/647 932/520/759 931/518/758
f 836/516/647 839/519/646 932/520/759
f 843/523/651 934/524/761 933/521/760
f 843/523/651 842/522/650 934/524/761
f 842/522/654 930/515/5 934/524/762
f 842/522/654 837/517/6 930/515/5
f 935/570/502 936/571/763 937/572/6
f 935/570/502 938/573/644 936/571/763
f 938/573/645 939/574/646 936/571/764
f 938/573/645 940/575/648 939/574/646
f 941/576/765 942/577/766 943/578/767
f 941/576/765 944/579/652 942/577/766
f 944/579/653 937/572/6 942/577/654
f 944/579/653 935/570/502 937/572/6
f 945/580/8 938/573/644 935/570/502
f 945/580/8 946/581/768 938/573/644
f 946/581/656 940/575/648 938/573/645
f 946/581/656 947/582/769 940/575/648
f 948/583/770 944/579/652 941/576/765
f 948/583/770 949/584/659 944/579/652
f 949/584/660 935/570/502 944/579/653
f 949/584/660 945/580/8 935/570/502
f 950/585/9 946/581/768 945/580/8
f 950/585/9 951/586/661 946/581/768
f 951/586/771 947/582/769 946/581/656
f 951/586/771 952/587/772 947/582/769
f 953/588/664 949/584/659 948/583/770
f 953/588/664 954/589/665 949/584/659
f 954/589/666 945/580/8 949/584/660
f 954/589/666 950/585/9 945/580/8
f 955/590/10 951/586/661 950/585/9
f 955/590/10 956/591/667 951/586/661
f 956/591/668 952/587/772 951/586/771
f 956/591/668 957/592/669 952/587/772
f 958/593/670 954/589/665 953/588/664
f 958/593/670 959/594/671 954/589/665
f 959/594/773 950/585/9 954/589/666
f 959/594/773 955/590/10 950/585/9
f 960/595/11 956/591/667 955/590/10
f 960/595/11 961/596/774 956/591/667
f 961/596/674 957/592/669 956/591/668
f 961/596/674 962/597/775 957/592/669
f 963/598/776 959/594/671 958/593/670
f 963/598/776 964/599/777 959/594/671
f 964/599/678 955/590/10 959/594/773
f 964/599/678 960/595/11 955/590/10
f 965/600/12 961/596/774 960/595/11
f 965/600/12 966/601/679 961/596/774
f 966/601/778 962/597/775 961/596/674
f 966/601/778 967/602/779 962/597/775
f 968/603/682 964/599/777 963/598/776
f 968/603/682 969/604/683 964/599/777
f 969/604/684 960/595/11 964/599/678
f 969/604/684 965/600/12 960/595/11
f 970/605/13 966/601/679 965/600/12
f 970/605/13 971/606/685 966/601/679
f 971/606/780 967/602/779 966/601/778
f 971/606/780 972/607/781 967/602/779
f 973/608/782 969/604/683 968/603/682
f 973/608/782 974/609/783 969/604/683
f 974/609/690 965/600/12 969/604/684
f 974/609/690 970/605/13 965/600/12
f 975/610/14 971/606/685 970/605/13
f 975/610/14 976/611/691 971/606/685
f 976/611/692 972/607/781 971/606/780
f 976/611/692 977/612/693 972/607/781
f 978/613/784 974/609/783 973/608/782
f 978/613/784 979/614/695 974/609/783
f 979/614/696 970/605/13 974/609/690
f 979/614/696 975/610/14 970/605/13
f 980/615/602 976/611/691 975/610/14
f 980/615/602 981/616/697 976/611/691
f 981/616/698 977/612/693 976/611/692
f 981/616/698 982/617/699 977/612/693
f 983/618/700 979/614/695 978/613/784
f 983/618/700 984/619/785 979/614/695
f 984/619/702 975/610/14 979/614/696
f 984/619/702 980/615/602 975/610/14
f 985/620/16 981/616/697 980/615/602
f 985/620/16 986/621/703 981/616/697
f 986/621/704 982/617/699 981/616/698
f 986/621/704 987/622/705 982/617/699
f 988/623/706 984/619/785 983/618/700
f 988/623/706 989/624/707 984/619/785
f 989/624/708 980/615/602 984/619/702
f 989/624/708 985/620/16 980/615/602
f 990/615/17 986/621/703 985/620/16
f 990/615/17 991/616/709 986/621/703
f 991/616/710 987/622/705 986/621/704
f 991/616/710 992/617/711 987/622/705
f 993/618/712 989/624/707 988/623/706
f 993/618/712 994/619/713 989/624/707
f 994/619/714 985/620/16 989/624/708
f 994/619/714 990/615/17 985/620/16
f 995/610/513 991/616/709 990/615/17
f 995/610/513 996/611/715 991/616/709
f 996/611/716 992/617/711 991/616/710
f 996/611/716 997/612/786 992/617/711
f 998/613/787 994/619/713 993/618/712
f 998/613/787 999/614/719 994/619/713
f 999/614/720 990/615/17 994/619/714
f 999/614/720 995/610/513 990/615/17
f 1000/605/19 996/611/715 995/610/513
f 1000/605/19 1001/606/788 996/611/715
f 1001/606/722 997/612/786 996/611/716
f 1001/606/722 1002/607/789 997/612/786
f 1003/608/724 999/614/719 998/613/787
f 1003/608/724 1004/609/790 999/614/719
f 1004/609/726 995/610/513 999/614/720
f 1004/609/726 1000/605/19 995/610/513
f 1005/600/20 1001/606/788 1000/605/19
f 1005/600/20 1006/601/791 1001/606/788
f 1006/601/728 1002/607/789 1001/606/722
f 1006/601/728 1007/602/729 1002/607/789
f 1008/603/792 1004/609/790 1003/608/724
f 1008/603/792 1009/604/793 1004/609/790
f 1009/604/794 1000/605/19 1004/609/726
f 1009/604/794 1005/600/20 1000/605/19
f 1010/595/1 1006/601/791 1005/600/20
f 1010/595/1 1011/596/733 1006/601/791
f 1011/596/734 1007/602/729 1006/601/728
f 1011/596/734 1012/597/735 1007/602/729
f 1013/598/736 1009/604/793 1008/603/792
f 1013/598/736 1014/599/737 1009/604/793
f 1014/599/738 1005/600/20 1009/604/794
f 1014/599/738 1010/595/1 1005/600/20
f 1015/590/2 1011/596/733 1010/595/1
f 1015/590/2 1016/591/795 1011/596/733
f 1016/591/740 1012/597/735 1011/596/734
f 1016/591/740 1017/592/796 1012/597/735
f 1018/593/742 1014/599/737 1013/598/736
f 1018/593/742 1019/594/743 1014/599/737
f 1019/594/797 1010/595/1 1014/599/738
f 1019/594/797 1015/590/2 1010/595/1
f 1020/585/3 1016/591/795 1015/590/2
f 1020/585/3 1021/586/798 1016/591/795
f 1021/586/746 1017/592/796 1016/591/740
f 1021/586/746 1022/587/747 1017/592/796
f 1023/588/799 1019/594/743 1018/593/742
f 1023/588/799 1024/589/749 1019/594/743
f 1024/589/750 1015/590/2 1019/594/797
f 1024/589/750 1020/585/3 1015/590/2
f 1025/580/506 1021/586/798 1020/585/3
f 1025/580/506 1026/581/751 1021/586/798
f 1026/581/752 1022/587/747 1021/586/746
f 1026/581/752 1027/582/800 1022/587/747
f 1028/583/754 1024/589/749 1023/588/799
f 1028/583/754 1029/584/755 1024/589/749
f 1029/584/801 1020/585/3 1024/589/750
f 1029/584/801 1025/580/506 1020/585/3
f 1030/570/5 1026/581/751 1025/580/506
f 1030/570/5 1031/573/757 1026/581/751
f 1031/573/758 1027/582/800 1026/581/752
f 1031/573/758 1032/575/802 1027/582/800
f 1033/576/760 1029/584/755 1028/583/754
f 1033/576/760 1034/579/761 1029/584/755
f 1034/579/762 1025/580/506 1029/584/801
f 1034/579/762 1030/570/5 1025/580/506
f 937/572/6 1031/573/757 1030/570/5
f 937/572/6 936/571/763 1031/573/757
f 936/571/764 1032/575/802 1031/573/758
f 936/571/764 939/574/646 1032/575/802
f 943/578/767 1034/579/761 1033/576/760
f 943/578/767 942/577/766 1034/579/761
f 942/577/654 1030/570/5 1034/579/762
f 942/577/654 937/572/6 1030/570/5
f 1035/625/11 1036/626/10 1037/627/11
f 1036/626/10 1035/625/11 1038/628/10
f 1038/628/10 1039/629/9 1036/626/10
f 1039/629/9 1038/628/10 1040/630/9
f 1040/630/9 1041/631/8 1039/629/9
f 1041/631/8 1040/630/9 1042/632/8
f 1042/632/8 1043/633/7 1041/631/8
f 1043/633/7 1042/632/8 1044/634/7
f 1044/634/7 1045/635/6 1043/633/7
f 1045/635/6 1044/634/7 1046/636/6
f 1046/636/6 1047/633/5 1045/635/6
f 1047/633/5 1046/636/6 1048/634/5
f 1048/634/5 1049/631/4 1047/633/5
f 1049/631/4 1048/634/5 1050/632/4
f 1050/632/4 1051/637/3 1049/631/4
f 1051/637/3 1050/632/4 1052/630/3
f 1052/630/3 1053/638/2 1051/637/3
f 1053/638/2 1052/630/3 1054/628/2
f 1054/628/2 1055/627/1 1053/638/2
f 1055/627/1 1054/628/2 1056/625/1
f 1056/625/1 1057/639/20 1055/627/1
f 1057/639/20 1056/625/1 1058/640/20
f 1058/640/20 1059/641/19 1057/639/20
f 1059/641/19 1058/640/20 1060/642/19
f 1060/642/19 1061/643/18 1059/641/19
f 1061/643/18 1060/642/19 1062/644/18
f 1062/644/18 1063/645/17 1061/643/18
f 1063/645/17 1062/644/18 1064/646/17
f 1064/646/17 1065/647/16 1063/645/17
f 1065/647/16 1064/646/17 1066/648/16
f 1066/648/16 1067/645/15 1065/647/16
f 1067/645/15 1066/648/16 1068/646/15
f 1068/646/15 1069/643/14 1067/645/15
f 1069/643/14 1068/646/15 1070/644/14
f 1070/644/14 1071/649/13 1069/643/14
f 1071/649/13 1070/644/14 1072/642/13
f 1072/642/13 1073/650/12 1071/649/13
f 1073/650/12 1072/642/13 1074/640/12
f 1074/640/12 1037/627/11 1073/650/12
f 1037/627/11 1074/640/12 1035/625/11
f 1040/630/324 1038/628/21 1035/625/21
f 1039/651/41 1041/652/22 1036/653/22
f 1042/632/21 1040/630/324 1035/625/21
f 1041/652/22 1043/654/22 1036/653/22
f 1044/634/21 1042/632/21 1035/625/21
f 1043/654/22 1045/655/22 1036/653/22
f 1046/636/21 1044/634/21 1035/625/21
f 1045/655/22 1047/656/22 1036/653/22
f 1048/634/21 1046/636/21 1035/625/21
f 1047/656/22 1049/657/22 1036/653/22
f 1050/632/21 1048/634/21 1035/625/21
f 1049/657/22 1051/658/22 1036/653/22
f 1052/630/21 1050/632/21 1035/625/21
f 1051/658/22 1053/659/22 1036/653/22
f 1054/628/21 1052/630/21 1035/625/21
f 1053/659/22 1055/660/22 1036/653/22
f 1056/625/21 1054/628/21 1035/625/21
f 1055/660/22 1057/661/22 1036/653/22
f 1058/640/21 1056/625/21 1035/625/21
f 1057/661/22 1059/662/22 1036/653/22
f 1060/642/21 1058/640/21 1035/625/21
f 1059/662/22 1061/663/22 1036/653/22
f 1062/644/21 1060/642/21 1035/625/21
f 1061/663/22 1063/664/22 1036/653/22
f 1064/646/21 1062/644/21 1035/625/21
f 1063/664/22 1065/665/22 1036/653/22
f 1066/648/21 1064/646/21 1035/625/21
f 1065/665/22 1067/666/22 1036/653/22
f 1068/646/21 1066/648/21 1035/625/21
f 1067/666/22 1069/667/22 1036/653/22
f 1070/644/21 1068/646/21 1035/625/21
f 1069/667/22 1071/668/22 1036/653/22
f 1072/642/324 1070/644/21 1035/625/21
f 1071/668/22 1073/669/22 1036/653/22
f 1074/640/21 1072/642/324 1035/625/21
f 1073/669/22 1037/670/22 1036/653/22
f 1075/671/600 1076/672/803 1077/673/804
f 1076/672/803 1075/671/600 1078/674/803
f 1078/674/803 1079/675/805 1076/672/803
f 1079/675/805 1078/674/803 1080/676/805
f 1080/676/805 1081/677/806 1079/675/805
f 1081/677/806 1080/676/805 1082/678/806
f 1082/678/806 1083/679/16 1081/677/806
f 1083/679/16 1082/678/806 1084/680/16
f 1084/680/16 1085/677/807 1083/679/16
f 1085/677/807 1084/680/16 1086/678/807
f 1086/678/807 1087/675/808 1085/677/807
f 1087/675/808 1086/678/807 1088/676/809
f 1088/676/809 1089/672/810 1087/675/808
f 1089/672/810 1088/676/809 1090/674/810
f 1090/674/810 1091/673/11 1089/672/810
f 1091/673/11 1090/674/810 1092/671/11
f 1092/671/11 1093/681/811 1091/673/11
f 1093/681/811 1092/671/11 1094/682/811
f 1094/682/811 1095/683/812 1093/681/811
f 1095/683/812 1094/682/811 1096/684/813
f 1096/684/813 1097/685/814 1095/683/812
f 1097/685/814 1096/684/813 1098/686/814
f 1098/686/814 1099/687/6 1097/685/814
f 1099/687/6 1098/686/814 1100/688/6
f 1100/688/6 1101/685/815 1099/687/6
f 1101/685/815 1100/688/6 1102/686/815
f 1102/686/815 1103/683/816 1101/685/815
f 1103/683/816 1102/686/815 1104/684/817
f 1104/684/817 1105/681/818 1103/683/816
f 1105/681/818 1104/684/817 1106/682/818
f 1106/682/818 1077/673/804 1105/681/818
f 1077/673/804 1106/682/818 1075/671/600
f 1107/689/819 1078/690/820 1075/691/821
f 1078/690/820 1107/689/819 1108/692/822
f 1108/692/822 1080/693/823 1078/690/820
f 1080/693/823 1108/692/822 1109/694/824
f 1109/694/824 1082/695/825 1080/693/823
f 1082/695/825 1109/694/824 1110/696/826
f 1110/696/826 1084/697/827 1082/695/825
f 1084/697/827 1110/696/826 1111/698/827
f 1111/698/827 1086/695/828 1084/697/827
f 1086/695/828 1111/698/827 1112/696/829
f 1112/696/829 1088/693/830 1086/695/828
f 1088/693/830 1112/696/829 1113/694/831
f 1113/694/831 1090/690/832 1088/693/830
f 1090/690/832 1113/694/831 1114/692/833
f 1114/692/833 1092/691/834 1090/690/832
f 1092/691/834 1114/692/833 1115/689/835
f 1115/689/835 1094/699/836 1092/691/834
f 1094/699/836 1115/689/835 1116/700/837
f 1116/700/837 1096/701/838 1094/699/836
f 1096/701/838 1116/700/837 1117/702/839
f 1117/702/839 1098/703/840 1096/701/838
f 1098/703/840 1117/702/839 1118/704/841
f 1118/704/841 1100/705/842 1098/703/840
f 1100/705/842 1118/704/841 1119/706/842
f 1119/706/842 1102/703/843 1100/705/842
f 1102/703/843 1119/706/842 1120/704/844
f 1120/704/844 1104/701/845 1102/703/843
f 1104/701/845 1120/704/844 1121/702/846
f 1121/702/846 1106/699/847 1104/701/845
f 1106/699/847 1121/702/846 1122/700/848
f 1122/700/848 1075/691/821 1106/699/847
f 1075/691/821 1122/700/848 1107/689/819
f 1123/707/849 1108/692/850 1107/689/851
f 1108/692/850 1123/707/849 1124/708/852
f 1124/708/852 1109/694/853 1108/692/850
f 1109/694/853 1124/708/852 1125/709/854
f 1125/709/854 1110/696/855 1109/694/853
f 1110/696/855 1125/709/854 1126/710/856
f 1126/710/856 1111/698/857 1110/696/855
f 1111/698/857 1126/710/856 1127/711/857
f 1127/711/857 1112/696/858 1111/698/857
f 1112/696/858 1127/711/857 1128/710/859
f 1128/710/859 1113/694/860 1112/696/858
f 1113/694/860 1128/710/859 1129/709/861
f 1129/709/861 1114/692/862 1113/694/860
f 1114/692/862 1129/709/861 1130/708/863
f 1130/708/863 1115/689/864 1114/692/862
f 1115/689/864 1130/708/863 1131/707/865
f 1131/707/865 1116/700/866 1115/689/864
f 1116/700/866 1131/707/865 1132/712/867
f 1132/712/867 1117/702/868 1116/700/866
f 1117/702/868 1132/712/867 1133/713/869
f 1133/713/869 1118/704/870 1117/702/868
f 1118/704/870 1133/713/869 1134/714/871
f 1134/714/871 1119/706/872 1118/704/870
f 1119/706/872 1134/714/871 1135/715/872
f 1135/715/872 1120/704/873 1119/706/872
f 1120/704/873 1135/715/872 1136/714/874
f 1136/714/874 1121/702/875 1120/704/873
f 1121/702/875 1136/714/874 1137/713/876
f 1137/713/876 1122/700/877 1121/702/875
f 1122/700/877 1137/713/876 1138/712/878
f 1138/712/878 1107/689/851 1122/700/877
f 1107/689/851 1138/712/878 1123/707/849
f 1139/716/11 1124/708/811 1123/707/11
f 1124/708/811 1139/716/11 1140/717/811
f 1140/717/811 1125/709/336 1124/708/811
f 1125/709/336 1140/717/811 1141/718/336
f 1141/718/336 1126/710/879 1125/709/336
f 1126/710/879 1141/718/336 1142/719/879
f 1142/719/879 1127/711/6 1126/710/879
f 1127/711/6 1142/719/879 1143/720/6
f 1143/720/6 1128/710/815 1127/711/6
f 1128/710/815 1143/720/6 1144/719/815
f 1144/719/815 1129/709/817 1128/710/815
f 1129/709/817 1144/719/815 1145/718/817
f 1145/718/817 1130/708/818 1129/709/817
f 1130/708/818 1145/718/817 1146/717/818
f 1146/717/818 1131/707/1 1130/708/818
f 1131/707/1 1146/717/818 1147/716/1
f 1147/716/1 1132/712/803 1131/707/1
f 1132/712/803 1147/716/1 1148/721/803
f 1148/721/803 1133/713/805 1132/712/803
f 1133/713/805 1148/721/803 1149/722/805
f 1149/722/805 1134/714/806 1133/713/805
f 1134/714/806 1149/722/805 1150/723/806
f 1150/723/806 1135/715/16 1134/714/806
f 1135/715/16 1150/723/806 1151/724/16
f 1151/724/16 1136/714/880 1135/715/16
f 1136/714/880 1151/724/16 1152/723/880
f 1152/723/880 1137/713/881 1136/714/880
f 1137/713/881 1152/723/880 1153/722/881
f 1153/722/881 1138/712/810 1137/713/881
f 1138/712/810 1153/722/881 1154/721/810
f 1154/721/810 1123/707/11 1138/712/810
f 1123/707/11 1154/721/810 1139/716/11
f 1141/718/21 1140/717/21 1139/716/21
f 1079/675/22 1081/677/22 1076/673/22
f 1142/719/21 1141/718/21 1139/716/21
f 1081/677/22 1083/679/22 1076/673/22
f 1143/720/21 1142/719/21 1139/716/21
f 1083/679/22 1085/677/22 1076/673/22
f 1144/719/21 1143/720/21 1139/716/21
f 1085/677/22 1087/675/22 1076/673/22
f 1145/718/21 1144/719/21 1139/716/21
f 1087/675/22 1089/672/22 1076/673/22
f 1146/717/21 1145/718/21 1139/716/21
f 1089/672/22 1091/673/22 1076/673/22
f 1147/716/21 1146/717/21 1139/716/21
f 1091/673/22 1093/681/22 1076/673/22
f 1148/721/21 1147/716/21 1139/716/21
f 1093/681/22 1095/683/22 1076/673/22
f 1149/722/21 1148/721/21 1139/716/21
f 1095/683/22 1097/685/22 1076/673/22
f 1150/723/21 1149/722/21 1139/716/21
f 1097/685/22 1099/687/22 1076/673/22
f 1151/724/21 1150/723/21 1139/716/21
f 1099/687/22 1101/685/22 1076/673/22
f 1152/723/21 1151/724/21 1139/716/21
f 1101/685/22 1103/683/22 1076/673/22
f 1153/722/21 1152/723/21 1139/716/21
f 1103/683/22 1105/681/22 1076/673/22
f 1154/721/21 1153/722/21 1139/716/21
f 1105/681/22 1077/673/41 1076/673/22
f 1155/725/882 1156/726/11 1157/727/883
f 1155/725/882 1157/727/883 1158/728/883
f 1158/728/883 1157/727/883 1159/729/884
f 1158/728/883 1159/729/884 1160/730/884
f 1160/730/884 1159/729/884 1161/731/885
f 1160/730/884 1161/731/885 1162/732/885
f 1162/732/885 1161/731/885 1163/733/886
f 1162/732/885 1163/733/886 1164/734/886
f 1164/734/886 1163/733/886 1165/735/22
f 1164/734/886 1165/735/22 1166/736/22
f 1166/736/22 1165/735/22 1167/733/887
f 1166/736/22 1167/733/887 1168/734/887
f 1168/734/887 1167/733/887 1169/731/888
f 1168/734/887 1169/731/888 1170/732/888
f 1170/732/888 1169/731/888 1171/729/889
f 1170/732/888 1171/729/889 1172/730/890
f 1172/730/890 1171/729/889 1173/727/891
f 1172/730/890 1173/727/891 1174/728/891
f 1174/728/891 1173/727/891 1175/726/1
f 1174/728/891 1175/726/1 1176/725/1
f 1176/725/1 1175/726/1 1177/737/892
f 1176/725/1 1177/737/892 1178/738/892
f 1178/738/892 1177/737/892 1179/739/893
f 1178/738/892 1179/739/893 1180/740/893
f 1180/740/893 1179/739/893 1181/741/894
f 1180/740/893 1181/741/894 1182/742/894
f 1182/742/894 1181/741/894 1183/743/895
f 1182/742/894 1183/743/895 1184/744/895
f 1184/744/895 1183/743/895 1185/745/21
f 1184/744/895 1185/745/21 1186/746/385
f 1186/746/385 1185/745/21 1187/743/896
f 1186/746/385 1187/743/896 1188/744/896
f 1188/744/896 1187/743/896 1189/741/897
f 1188/744/896 1189/741/897 1190/742/897
f 1190/742/897 1189/741/897 1191/739/898
f 1190/742/897 1191/739/898 1192/740/898
f 1192/740/898 1191/739/898 1193/737/899
f 1192/740/898 1193/737/899 1194/738/899
f 1194/738/899 1193/737/899 1156/726/11
f 1194/738/899 1156/726/11 1155/725/882
f 1195/747/900 1155/725/901 1158/728/902
f 1195/747/900 1158/728/902 1196/748/903
f 1196/748/903 1158/728/902 1160/730/904
f 1196/748/903 1160/730/904 1197/749/905
f 1197/749/905 1160/730/904 1162/732/906
f 1197/749/905 1162/732/906 1198/750/907
f 1198/750/907 1162/732/906 1164/734/908
f 1198/750/907 1164/734/908 1199/751/909
f 1199/751/909 1164/734/908 1166/736/910
f 1199/751/909 1166/736/910 1200/752/911
f 1200/752/911 1166/736/910 1168/734/912
f 1200/752/911 1168/734/912 1201/751/913
f 1201/751/913 1168/734/912 1170/732/914
f 1201/751/913 1170/732/914 1202/750/914
f 1202/750/914 1170/732/914 1172/730/915
f 1202/750/914 1172/730/915 1203/749/916
f 1203/749/916 1172/730/915 1174/728/917
f 1203/749/916 1174/728/917 1204/748/918
f 1204/748/918 1174/728/917 1176/725/919
f 1204/748/918 1176/725/919 1205/747/920
f 1205/747/920 1176/725/919 1178/738/921
f 1205/747/920 1178/738/921 1206/753/922
f 1206/753/922 1178/738/921 1180/740/923
f 1206/753/922 1180/740/923 1207/754/924
f 1207/754/924 1180/740/923 1182/742/925
f 1207/754/924 1182/742/925 1208/755/926
f 1208/755/926 1182/742/925 1184/744/927
f 1208/755/926 1184/744/927 1209/756/928
f 1209/756/928 1184/744/927 1186/746/929
f 1209/756/928 1186/746/929 1210/757/930
f 1210/757/930 1186/746/929 1188/744/931
f 1210/757/930 1188/744/931 1211/756/932
f 1211/756/932 1188/744/931 1190/742/933
f 1211/756/932 1190/742/933 1212/755/934
f 1212/755/934 1190/742/933 1192/740/935
f 1212/755/934 1192/740/935 1213/754/936
f 1213/754/936 1192/740/935 1194/738/937
f 1213/754/936 1194/738/937 1214/753/937
f 1214/753/937 1194/738/937 1155/725/901
f 1214/753/937 1155/725/901 1195/747/900
f 1215/758/11 1195/747/11 1196/748/883
f 1215/758/11 1196/748/883 1216/759/883
f 1216/759/883 1196/748/883 1197/749/938
f 1216/759/883 1197/749/938 1217/760/938
f 1217/760/938 1197/749/938 1198/750/885
f 1217/760/938 1198/750/885 1218/761/885
f 1218/761/885 1198/750/885 1199/751/886
f 1218/761/885 1199/751/886 1219/762/886
f 1219/762/886 1199/751/886 1200/752/22
f 1219/762/886 1200/752/22 1220/763/28
f 1220/763/28 1200/752/22 1201/751/887
f 1220/763/28 1201/751/887 1221/762/887
f 1221/762/887 1201/751/887 1202/750/939
f 1221/762/887 1202/750/939 1222/761/939
f 1222/761/939 1202/750/939 1203/749/889
f 1222/761/939 1203/749/889 1223/760/889
f 1223/760/889 1203/749/889 1204/748/891
f 1223/760/889 1204/748/891 1224/759/940
f 1224/759/940 1204/748/891 1205/747/1
f 1224/759/940 1205/747/1 1225/758/1
f 1225/758/1 1205/747/1 1206/753/892
f 1225/758/1 1206/753/892 1226/764/892
f 1226/764/892 1206/753/892 1207/754/941
f 1226/764/892 1207/754/941 1227/765/941
f 1227/765/941 1207/754/941 1208/755/894
f 1227/765/941 1208/755/894 1228/766/894
f 1228/766/894 1208/755/894 1209/756/895
f 1228/766/894 1209/756/895 1229/767/895
f 1229/767/895 1209/756/895 1210/757/21
f 1229/767/895 1210/757/21 1230/768/21
f 1230/768/21 1210/757/21 1211/756/896
f 1230/768/21 1211/756/896 1231/767/942
f 1231/767/942 1211/756/896 1212/755/943
f 1231/767/942 1212/755/943 1232/766/943
f 1232/766/943 1212/755/943 1213/754/898
f 1232/766/943 1213/754/898 1233/765/898
f 1233/765/898 1213/754/898 1214/753/899
f 1233/765/898 1214/753/899 1234/764/944
f 1234/764/944 1214/753/899 1195/747/11
f 1234/764/944 1195/747/11 1215/758/11
f 1183/743/6 1165/735/6 1185/745/6
f 1165/735/6 1183/743/6 1167/733/6
f 1187/743/6 1185/745/6 1165/735/6
f 1165/735/6 1163/733/6 1187/743/6
f 1187/743/6 1163/733/6 1161/731/6
f 1161/731/6 1189/741/6 1187/743/6
f 1189/741/6 1161/731/6 1159/729/6
f 1159/729/6 1191/739/6 1189/741/6
f 1191/739/6 1159/729/6 1157/727/6
f 1157/727/6 1193/737/6 1191/739/6
f 1193/737/6 1157/727/6 1156/726/6
f 1173/727/6 1177/737/6 1175/726/6
f 1177/737/6 1173/727/6 1171/729/6
f 1171/729/6 1179/739/6 1177/737/6
f 1171/729/6 1181/741/6 1179/739/6
f 1181/741/6 1171/729/6 1169/731/6
f 1169/731/6 1183/743/6 1181/741/6
f 1183/743/6 1169/731/6 1167/733/6
f 1231/767/16 1220/763/16 1230/768/16
f 1231/767/16 1219/762/16 1220/763/16
f 1220/763/16 1229/767/16 1230/768/16
f 1229/767/16 1220/763/16 1221/762/16
f 1221/762/16 1228/766/16 1229/767/16
f 1228/766/16 1221/762/16 1222/761/16
f 1222/761/16 1227/765/16 1228/766/16
f 1227/765/16 1222/761/16 1223/760/16
f 1226/764/945 1224/759/16 1225/758/946
f 1224/759/16 1226/764/945 1227/765/16
f 1227/765/16 1223/760/16 1224/759/16
f 1216/759/16 1234/764/16 1215/758/947
f 1234/764/16 1216/759/16 1217/760/16
f 1217/760/16 1233/765/16 1234/764/16
f 1233/765/16 1217/760/16 1218/761/16
f 1218/761/16 1232/766/16 1233/765/16
f 1218/761/16 1231/767/16 1232/766/16
f 1231/767/16 1218/761/16 1219/762/16
f 1235/769/6 1236/770/948 1237/769/6
f 1235/769/6 1238/770/948 1236/770/948
f 1238/770/948 1239/771/949 1236/770/948
f 1238/770/948 1240/772/949 1239/771/949
f 1240/772/949 1241/773/950 1239/771/949
f 1240/772/949 1242/773/950 1241/773/950
f 1242/773/950 1243/774/951 1241/773/950
f 1242/773/950 1244/774/951 1243/774/951
f 1244/774/951 1245/775/22 1243/774/951
f 1244/774/951 1246/775/22 1245/775/22
f 1246/775/22 1247/776/952 1245/775/22
f 1246/775/22 1248/776/952 1247/776/952
f 1248/776/952 1249/777/953 1247/776/952
f 1248/776/952 1250/777/953 1249/777/953
f 1250/777/953 1251/778/954 1249/777/953
f 1250/777/953 1252/778/954 1251/778/954
f 1252/778/954 1253/779/955 1251/778/954
f 1252/778/954 1254/779/955 1253/779/955
f 1254/779/955 1255/780/16 1253/779/955
f 1254/779/955 1256/780/16 1255/780/16
f 1256/780/16 1257/781/956 1255/780/16
f 1256/780/16 1258/781/956 1257/781/956
f 1258/781/956 1259/782/957 1257/781/956
f 1258/781/956 1260/782/957 1259/782/957
f 1260/782/957 1261/783/958 1259/782/957
f 1260/782/957 1262/783/958 1261/783/958
f 1262/783/958 1263/784/959 1261/783/958
f 1262/783/958 1264/784/959 1263/784/959
f 1264/784/959 1265/785/21 1263/784/959
f 1264/784/959 1266/786/21 1265/785/21
f 1266/786/21 1267/787/960 1265/785/21
f 1266/786/21 1268/787/960 1267/787/960
f 1268/787/960 1269/788/961 1267/787/960
f 1268/787/960 1270/788/961 1269/788/961
f 1270/788/961 1271/789/962 1269/788/961
f 1270/788/961 1272/790/962 1271/789/962
f 1272/790/962 1273/791/963 1271/789/962
f 1272/790/962 1274/791/963 1273/791/963
f 1274/791/963 1237/769/6 1273/791/963
f 1274/791/963 1235/769/6 1237/769/6
f 1275/792/964 1238/770/965 1235/769/966
f 1275/792/964 1276/793/967 1238/770/965
f 1276/793/967 1240/772/968 1238/770/965
f 1276/793/967 1277/794/969 1240/772/968
f 1277/794/969 1242/773/970 1240/772/968
f 1277/794/969 1278/795/971 1242/773/970
f 1278/795/971 1244/774/972 1242/773/970
f 1278/795/971 1279/796/973 1244/774/972
f 1279/796/973 1246/775/974 1244/774/972
f 1279/796/973 1280/797/975 1246/775/974
f 1280/797/975 1248/776/976 1246/775/974
f 1280/797/975 1281/798/977 1248/776/976
f 1281/798/977 1250/777/978 1248/776/976
f 1281/798/977 1282/799/978 1250/777/978
f 1282/799/978 1252/778/979 1250/777/978
f 1282/799/978 1283/800/979 1252/778/979
f 1283/800/979 1254/779/980 1252/778/979
f 1283/800/979 1284/801/981 1254/779/980
f 1284/801/981 1256/780/982 1254/779/980
f 1284/801/981 1285/802/983 1256/780/982
f 1285/802/983 1258/781/984 1256/780/982
f 1285/802/983 1286/803/985 1258/781/984
f 1286/803/985 1260/782/986 1258/781/984
f 1286/803/985 1287/804/987 1260/782/986
f 1287/804/987 1262/783/988 1260/782/986
f 1287/804/987 1288/805/989 1262/783/988
f 1288/805/989 1264/784/990 1262/783/988
f 1288/805/989 1289/806/991 1264/784/990
f 1289/806/991 1266/786/992 1264/784/990
f 1289/806/991 1290/807/993 1266/786/992
f 1290/807/993 1268/787/994 1266/786/992
f 1290/807/993 1291/808/995 1268/787/994
f 1291/808/995 1270/788/996 1268/787/994
f 1291/808/995 1292/809/997 1270/788/996
f 1292/809/997 1272/790/998 1270/788/996
f 1292/809/997 1293/810/998 1272/790/998
f 1293/810/998 1274/791/999 1272/790/998
f 1293/810/998 1294/811/1000 1274/791/999
f 1294/811/1000 1235/769/966 1274/791/999
f 1294/811/1000 1275/792/964 1235/769/966
f 1295/792/6 1276/793/948 1275/792/6
f 1295/792/6 1296/793/948 1276/793/948
f 1296/793/948 1277/794/949 1276/793/948
f 1296/793/948 1297/794/949 1277/794/949
f 1297/794/949 1278/795/950 1277/794/949
f 1297/794/949 1298/795/950 1278/795/950
f 1298/795/950 1279/796/951 1278/795/950
f 1298/795/950 1299/796/951 1279/796/951
f 1299/796/951 1280/797/22 1279/796/951
f 1299/796/951 1300/812/22 1280/797/22
f 1300/812/22 1281/798/952 1280/797/22
f 1300/812/22 1301/798/952 1281/798/952
f 1301/798/952 1282/799/953 1281/798/952
f 1301/798/952 1302/799/953 1282/799/953
f 1302/799/953 1283/800/954 1282/799/953
f 1302/799/953 1303/800/954 1283/800/954
f 1303/800/954 1284/801/955 1283/800/954
f 1303/800/954 1304/801/955 1284/801/955
f 1304/801/955 1285/802/16 1284/801/955
f 1304/801/955 1305/802/16 1285/802/16
f 1305/802/16 1286/803/956 1285/802/16
f 1305/802/16 1306/803/956 1286/803/956
f 1306/803/956 1287/804/957 1286/803/956
f 1306/803/956 1307/813/957 1287/804/957
f 1307/813/957 1288/805/958 1287/804/957
f 1307/813/957 1308/805/958 1288/805/958
f 1308/805/958 1289/806/959 1288/805/958
f 1308/805/958 1309/806/959 1289/806/959
f 1309/806/959 1290/807/21 1289/806/959
f 1309/806/959 1310/807/21 1290/807/21
f 1310/807/21 1291/808/960 1290/807/21
f 1310/807/21 1311/808/960 1291/808/960
f 1311/808/960 1292/809/961 1291/808/960
f 1311/808/960 1312/809/961 1292/809/961
f 1312/809/961 1293/810/962 1292/809/961
f 1312/809/961 1313/810/962 1293/810/962
f 1313/810/962 1294/811/963 1293/810/962
f 1313/810/962 1314/811/963 1294/811/963
f 1314/811/963 1275/792/6 1294/811/963
f 1314/811/963 1295/792/6 1275/792/6
f 1263/784/11 1265/785/11 1245/775/11
f 1245/775/11 1247/776/11 1263/784/11
f 1267/787/11 1245/775/11 1265/785/11
f 1245/775/11 1267/787/11 1243/774/11
f 1267/787/11 1241/773/11 1243/774/11
f 1241/773/11 1267/787/11 1269/788/11
f 1269/788/11 1239/771/11 1241/773/11
f 1239/771/11 1269/788/11 1271/789/11
f 1271/789/11 1236/770/11 1239/771/11
f 1236/770/11 1271/789/11 1273/791/11
f 1273/791/11 1237/769/11 1236/770/11
f 1253/779/11 1255/780/89 1257/781/11
f 1257/781/11 1251/778/11 1253/779/11
f 1251/778/11 1257/781/11 1259/782/11
f 1251/778/11 1259/782/11 1261/783/230
f 1261/783/230 1249/777/11 1251/778/11
f 1249/777/11 1261/783/230 1263/784/11
f 1263/784/11 1247/776/11 1249/777/11
f 1311/808/1 1310/807/1 1300/812/1
f 1311/808/1 1300/812/1 1299/796/1
f 1300/812/1 1310/807/1 1309/806/1
f 1309/806/1 1301/798/1 1300/812/1
f 1301/798/1 1309/806/1 1308/805/1
f 1308/805/1 1302/799/1 1301/798/1
f 1302/799/1 1308/805/1 1307/813/1
f 1307/813/1 1303/800/1 1302/799/1
f 1306/803/218 1305/802/1001 1304/801/1
f 1304/801/1 1307/813/1 1306/803/218
f 1307/813/1 1304/801/1 1303/800/1
f 1296/793/1 1295/792/218 1314/811/1002
f 1314/811/1002 1297/794/1 1296/793/1
f 1297/794/1 1314/811/1002 1313/810/1
f 1313/810/1 1298/795/1 1297/794/1
f 1298/795/1 1313/810/1 1312/809/1
f 1298/795/1 1312/809/1 1311/808/1
f 1311/808/1 1299/796/1 1298/795/1
